emu,line_id,pre,pre_n,psi,phi,p,post,post_n,slope,intercept,threshold
BRE,7,0.755,300,0.6,0.6,0.8,0.915,420,0.0013333333333333335,0.355,408.75
BRE,6,0.855,700,0.6,0.8,0.4,0.945,930,3.913043478260868e-4,0.5810869565217391,815.0000000000003
BRE,8,0.89,420,0.6,0.8,0.8,0.955,560,4.642857142857139e-4,0.6950000000000002,441.5384615384616
BRE,3,0.865,700,0.43,0.6,0.8,0.97,930,4.565217391304347e-4,0.5454347826086957,776.6666666666667
BRE,4,0.78,560,0.43,0.8,0.8,0.92,700,0.001,0.21999999999999997,680
BRE,5,0.74,700,0.6,0.6,0.4,0.92,930,7.826086956521742e-4,0.19217391304347808,904.4444444444445
BRW,8,0.765,300,0.6,0.8,0.8,0.915,420,0.0012500000000000002,0.3899999999999999,408
BRW,7,0.765,300,0.6,0.6,0.8,0.91,420,0.0012083333333333334,0.40249999999999997,411.72413793103453
CP,4,0.84,700,0.43,0.8,0.8,0.94,1000,3.3333333333333327e-4,0.6066666666666667,880.0000000000002
CP,5,0.89,1000,0.6,0.6,0.4,0.95,1500,1.1999999999999988e-4,0.7700000000000001,1083.3333333333335
CP,7,0.79,300,0.6,0.6,0.8,0.92,420,0.0010833333333333333,0.4650000000000001,401.5384615384615
CP,6,0.85,700,0.6,0.8,0.4,0.915,1000,2.1666666666666685e-4,0.6983333333333333,930.7692307692305
CP,8,0.89,420,0.6,0.8,0.8,0.94,560,3.5714285714285665e-4,0.7400000000000002,448.00000000000006
CP,1,0.825,1000,0.43,0.6,0.4,0.91,1500,1.7000000000000015e-4,0.6549999999999998,1441.1764705882354
CP,3,0.89,700,0.43,0.6,0.8,0.955,1000,2.166666666666665e-4,0.7383333333333335,746.1538461538461
CP,2,0.83,1000,0.43,0.8,0.4,0.945,1500,2.2999999999999998e-4,0.6,1304.3478260869567
SRM,4,0.875,700,0.43,0.8,0.8,0.935,1000,2.0000000000000017e-4,0.7349999999999999,825
SRM,5,0.86,1000,0.6,0.6,0.4,0.96,1500,1.9999999999999996e-4,0.66,1200.0000000000002
SRM,7,0.76,300,0.6,0.6,0.8,0.91,420,0.0012500000000000002,0.3849999999999999,412
SRM,6,0.8,700,0.6,0.8,0.4,0.91,1000,3.666666666666666e-4,0.5433333333333334,972.7272727272726
SRM,8,0.855,420,0.6,0.8,0.8,0.93,560,5.357142857142862e-4,0.6299999999999998,504
SRM,1,0.8,1000,0.43,0.6,0.4,0.905,1500,2.0999999999999995e-4,0.5900000000000001,1476.1904761904761
SRM,3,0.88,700,0.43,0.6,0.8,0.96,1000,2.666666666666665e-4,0.6933333333333335,775
SRM,2,0.895,1500,0.43,0.8,0.4,0.96,2000,1.2999999999999988e-4,0.7000000000000002,1538.4615384615388
UGM,4,0.88,700,0.43,0.8,0.8,0.94,1000,1.9999999999999982e-4,0.7400000000000001,800.0000000000003
UGM,5,0.79,700,0.6,0.6,0.4,0.905,1000,3.833333333333333e-4,0.5216666666666667,986.9565217391305
UGM,7,0.88,420,0.6,0.6,0.8,0.97,560,6.428571428571426e-4,0.6100000000000001,451.11111111111114
UGM,6,0.815,700,0.6,0.8,0.4,0.93,1000,3.8333333333333367e-4,0.5466666666666664,921.7391304347825
UGM,8,0.76,300,0.6,0.8,0.8,0.915,420,0.0012916666666666669,0.37249999999999994,408.38709677419354
UGM,1,0.885,1500,0.43,0.6,0.4,0.935,2000,1.0000000000000009e-4,0.7349999999999999,1650
UGM,3,0.885,700,0.43,0.6,0.8,0.94,1000,1.8333333333333312e-4,0.7566666666666668,781.818181818182
UGM,2,0.895,1500,0.43,0.8,0.4,0.96,2000,1.2999999999999988e-4,0.7000000000000002,1538.4615384615388
