high_name,emu,sim_num,type,ci_two_tail,rep_count,total_n,psi,phi,p,line_id
SRM_100,SRM,100,constant_phi,0.845,200,560,0.43,0.8,0.8,4
SRM_100,SRM,100,equilibrium,0.86,200,560,0.43,0.8,0.8,4
SRM_100,SRM,100,recursive,0.875,200,560,0.43,0.8,0.8,4
SRM_101,SRM,101,constant_phi,0.885,200,700,0.43,0.8,0.8,4
SRM_101,SRM,101,equilibrium,0.85,200,700,0.43,0.8,0.8,4
SRM_101,SRM,101,recursive,0.935,200,700,0.43,0.8,0.8,4
SRM_102,SRM,102,constant_phi,0.93,200,1000,0.43,0.8,0.8,4
SRM_102,SRM,102,equilibrium,0.92,200,1000,0.43,0.8,0.8,4
SRM_102,SRM,102,recursive,0.93,200,1000,0.43,0.8,0.8,4
SRM_103,SRM,103,constant_phi,0.95,200,1500,0.43,0.8,0.8,4
SRM_103,SRM,103,equilibrium,0.945,200,1500,0.43,0.8,0.8,4
SRM_103,SRM,103,recursive,0.97,200,1500,0.43,0.8,0.8,4
SRM_104,SRM,104,constant_phi,0.925,200,2000,0.43,0.8,0.8,4
SRM_104,SRM,104,equilibrium,0.96,200,2000,0.43,0.8,0.8,4
SRM_104,SRM,104,recursive,0.965,200,2000,0.43,0.8,0.8,4
SRM_105,SRM,105,constant_phi,0.075,200,20,0.6,0.6,0.4,5
SRM_105,SRM,105,equilibrium,0.055,200,20,0.6,0.6,0.4,5
SRM_105,SRM,105,recursive,0.04,200,20,0.6,0.6,0.4,5
SRM_106,SRM,106,constant_phi,0.13,200,40,0.6,0.6,0.4,5
SRM_106,SRM,106,equilibrium,0.095,200,40,0.6,0.6,0.4,5
SRM_106,SRM,106,recursive,0.065,200,40,0.6,0.6,0.4,5
SRM_107,SRM,107,constant_phi,0.175,200,60,0.6,0.6,0.4,5
SRM_107,SRM,107,equilibrium,0.1,200,60,0.6,0.6,0.4,5
SRM_107,SRM,107,recursive,0.11,200,60,0.6,0.6,0.4,5
SRM_108,SRM,108,constant_phi,0.29,200,100,0.6,0.6,0.4,5
SRM_108,SRM,108,equilibrium,0.235,200,100,0.6,0.6,0.4,5
SRM_108,SRM,108,recursive,0.19,200,100,0.6,0.6,0.4,5
SRM_109,SRM,109,constant_phi,0.395,200,160,0.6,0.6,0.4,5
SRM_109,SRM,109,equilibrium,0.34,200,160,0.6,0.6,0.4,5
SRM_109,SRM,109,recursive,0.335,200,160,0.6,0.6,0.4,5
SRM_110,SRM,110,constant_phi,0.425,200,200,0.6,0.6,0.4,5
SRM_110,SRM,110,equilibrium,0.395,200,200,0.6,0.6,0.4,5
SRM_110,SRM,110,recursive,0.385,200,200,0.6,0.6,0.4,5
SRM_111,SRM,111,constant_phi,0.57,200,300,0.6,0.6,0.4,5
SRM_111,SRM,111,equilibrium,0.665,200,300,0.6,0.6,0.4,5
SRM_111,SRM,111,recursive,0.6,200,300,0.6,0.6,0.4,5
SRM_112,SRM,112,constant_phi,0.77,200,420,0.6,0.6,0.4,5
SRM_112,SRM,112,equilibrium,0.815,200,420,0.6,0.6,0.4,5
SRM_112,SRM,112,recursive,0.74,200,420,0.6,0.6,0.4,5
SRM_113,SRM,113,constant_phi,0.875,200,560,0.6,0.6,0.4,5
SRM_113,SRM,113,equilibrium,0.835,200,560,0.6,0.6,0.4,5
SRM_113,SRM,113,recursive,0.85,200,560,0.6,0.6,0.4,5
SRM_114,SRM,114,constant_phi,0.875,200,700,0.6,0.6,0.4,5
SRM_114,SRM,114,equilibrium,0.905,200,700,0.6,0.6,0.4,5
SRM_114,SRM,114,recursive,0.905,200,700,0.6,0.6,0.4,5
SRM_115,SRM,115,constant_phi,0.93,200,1000,0.6,0.6,0.4,5
SRM_115,SRM,115,equilibrium,0.915,200,1000,0.6,0.6,0.4,5
SRM_115,SRM,115,recursive,0.88,200,1000,0.6,0.6,0.4,5
SRM_116,SRM,116,constant_phi,0.98,200,1500,0.6,0.6,0.4,5
SRM_116,SRM,116,equilibrium,0.915,200,1500,0.6,0.6,0.4,5
SRM_116,SRM,116,recursive,0.915,200,1500,0.6,0.6,0.4,5
SRM_117,SRM,117,constant_phi,0.955,200,2000,0.6,0.6,0.4,5
SRM_117,SRM,117,equilibrium,0.915,200,2000,0.6,0.6,0.4,5
SRM_117,SRM,117,recursive,0.86,200,2000,0.6,0.6,0.4,5
SRM_118,SRM,118,constant_phi,0.15,200,20,0.6,0.6,0.8,7
SRM_118,SRM,118,equilibrium,0.09,200,20,0.6,0.6,0.8,7
SRM_118,SRM,118,recursive,0.105,200,20,0.6,0.6,0.8,7
SRM_119,SRM,119,constant_phi,0.205,200,40,0.6,0.6,0.8,7
SRM_119,SRM,119,equilibrium,0.23,200,40,0.6,0.6,0.8,7
SRM_119,SRM,119,recursive,0.24,200,40,0.6,0.6,0.8,7
SRM_120,SRM,120,constant_phi,0.335,200,60,0.6,0.6,0.8,7
SRM_120,SRM,120,equilibrium,0.36,200,60,0.6,0.6,0.8,7
SRM_120,SRM,120,recursive,0.33,200,60,0.6,0.6,0.8,7
SRM_121,SRM,121,constant_phi,0.445,200,100,0.6,0.6,0.8,7
SRM_121,SRM,121,equilibrium,0.555,200,100,0.6,0.6,0.8,7
SRM_121,SRM,121,recursive,0.53,200,100,0.6,0.6,0.8,7
SRM_122,SRM,122,constant_phi,0.645,200,160,0.6,0.6,0.8,7
SRM_122,SRM,122,equilibrium,0.735,200,160,0.6,0.6,0.8,7
SRM_122,SRM,122,recursive,0.73,200,160,0.6,0.6,0.8,7
SRM_123,SRM,123,constant_phi,0.75,200,200,0.6,0.6,0.8,7
SRM_123,SRM,123,equilibrium,0.835,200,200,0.6,0.6,0.8,7
SRM_123,SRM,123,recursive,0.825,200,200,0.6,0.6,0.8,7
SRM_124,SRM,124,constant_phi,0.84,200,300,0.6,0.6,0.8,7
SRM_124,SRM,124,equilibrium,0.895,200,300,0.6,0.6,0.8,7
SRM_124,SRM,124,recursive,0.925,200,300,0.6,0.6,0.8,7
SRM_125,SRM,125,constant_phi,0.95,200,420,0.6,0.6,0.8,7
SRM_125,SRM,125,equilibrium,0.93,200,420,0.6,0.6,0.8,7
SRM_125,SRM,125,recursive,0.9,200,420,0.6,0.6,0.8,7
SRM_126,SRM,126,constant_phi,0.985,200,560,0.6,0.6,0.8,7
SRM_126,SRM,126,equilibrium,0.945,200,560,0.6,0.6,0.8,7
SRM_126,SRM,126,recursive,0.925,200,560,0.6,0.6,0.8,7
SRM_127,SRM,127,constant_phi,0.98,200,700,0.6,0.6,0.8,7
SRM_127,SRM,127,equilibrium,0.92,200,700,0.6,0.6,0.8,7
SRM_127,SRM,127,recursive,0.92,200,700,0.6,0.6,0.8,7
SRM_128,SRM,128,constant_phi,0.98,200,1000,0.6,0.6,0.8,7
SRM_128,SRM,128,equilibrium,0.89,200,1000,0.6,0.6,0.8,7
SRM_128,SRM,128,recursive,0.905,200,1000,0.6,0.6,0.8,7
SRM_129,SRM,129,constant_phi,0.94,200,1500,0.6,0.6,0.8,7
SRM_129,SRM,129,equilibrium,0.855,200,1500,0.6,0.6,0.8,7
SRM_129,SRM,129,recursive,0.9,200,1500,0.6,0.6,0.8,7
SRM_130,SRM,130,constant_phi,0.945,200,2000,0.6,0.6,0.8,7
SRM_130,SRM,130,equilibrium,0.86,200,2000,0.6,0.6,0.8,7
SRM_130,SRM,130,recursive,0.9,200,2000,0.6,0.6,0.8,7
SRM_131,SRM,131,constant_phi,0.13,200,20,0.6,0.8,0.4,6
SRM_131,SRM,131,equilibrium,0.005,200,20,0.6,0.8,0.4,6
SRM_131,SRM,131,recursive,0.035,200,20,0.6,0.8,0.4,6
SRM_132,SRM,132,constant_phi,0.19,200,40,0.6,0.8,0.4,6
SRM_132,SRM,132,equilibrium,0.035,200,40,0.6,0.8,0.4,6
SRM_132,SRM,132,recursive,0.04,200,40,0.6,0.8,0.4,6
SRM_133,SRM,133,constant_phi,0.28,200,60,0.6,0.8,0.4,6
SRM_133,SRM,133,equilibrium,0.075,200,60,0.6,0.8,0.4,6
SRM_133,SRM,133,recursive,0.09,200,60,0.6,0.8,0.4,6
SRM_134,SRM,134,constant_phi,0.37,200,100,0.6,0.8,0.4,6
SRM_134,SRM,134,equilibrium,0.15,200,100,0.6,0.8,0.4,6
SRM_134,SRM,134,recursive,0.13,200,100,0.6,0.8,0.4,6
SRM_135,SRM,135,constant_phi,0.44,200,160,0.6,0.8,0.4,6
SRM_135,SRM,135,equilibrium,0.22,200,160,0.6,0.8,0.4,6
SRM_135,SRM,135,recursive,0.305,200,160,0.6,0.8,0.4,6
SRM_136,SRM,136,constant_phi,0.51,200,200,0.6,0.8,0.4,6
SRM_136,SRM,136,equilibrium,0.34,200,200,0.6,0.8,0.4,6
SRM_136,SRM,136,recursive,0.36,200,200,0.6,0.8,0.4,6
SRM_137,SRM,137,constant_phi,0.7,200,300,0.6,0.8,0.4,6
SRM_137,SRM,137,equilibrium,0.465,200,300,0.6,0.8,0.4,6
SRM_137,SRM,137,recursive,0.45,200,300,0.6,0.8,0.4,6
SRM_138,SRM,138,constant_phi,0.8,200,420,0.6,0.8,0.4,6
SRM_138,SRM,138,equilibrium,0.685,200,420,0.6,0.8,0.4,6
SRM_138,SRM,138,recursive,0.675,200,420,0.6,0.8,0.4,6
SRM_139,SRM,139,constant_phi,0.85,200,560,0.6,0.8,0.4,6
SRM_139,SRM,139,equilibrium,0.78,200,560,0.6,0.8,0.4,6
SRM_139,SRM,139,recursive,0.83,200,560,0.6,0.8,0.4,6
SRM_140,SRM,140,constant_phi,0.89,200,700,0.6,0.8,0.4,6
SRM_140,SRM,140,equilibrium,0.84,200,700,0.6,0.8,0.4,6
SRM_140,SRM,140,recursive,0.875,200,700,0.6,0.8,0.4,6
SRM_141,SRM,141,constant_phi,0.945,200,1000,0.6,0.8,0.4,6
SRM_141,SRM,141,equilibrium,0.915,200,1000,0.6,0.8,0.4,6
SRM_141,SRM,141,recursive,0.95,200,1000,0.6,0.8,0.4,6
SRM_142,SRM,142,constant_phi,0.95,200,1500,0.6,0.8,0.4,6
SRM_142,SRM,142,equilibrium,0.92,200,1500,0.6,0.8,0.4,6
SRM_142,SRM,142,recursive,0.97,200,1500,0.6,0.8,0.4,6
SRM_143,SRM,143,constant_phi,0.955,200,2000,0.6,0.8,0.4,6
SRM_143,SRM,143,equilibrium,0.96,200,2000,0.6,0.8,0.4,6
SRM_143,SRM,143,recursive,0.95,200,2000,0.6,0.8,0.4,6
SRM_144,SRM,144,constant_phi,0.19,200,20,0.6,0.8,0.8,8
SRM_144,SRM,144,equilibrium,0.09,200,20,0.6,0.8,0.8,8
SRM_144,SRM,144,recursive,0.07,200,20,0.6,0.8,0.8,8
SRM_145,SRM,145,constant_phi,0.275,200,40,0.6,0.8,0.8,8
SRM_145,SRM,145,equilibrium,0.135,200,40,0.6,0.8,0.8,8
SRM_145,SRM,145,recursive,0.125,200,40,0.6,0.8,0.8,8
SRM_146,SRM,146,constant_phi,0.39,200,60,0.6,0.8,0.8,8
SRM_146,SRM,146,equilibrium,0.2,200,60,0.6,0.8,0.8,8
SRM_146,SRM,146,recursive,0.3,200,60,0.6,0.8,0.8,8
SRM_147,SRM,147,constant_phi,0.42,200,100,0.6,0.8,0.8,8
SRM_147,SRM,147,equilibrium,0.46,200,100,0.6,0.8,0.8,8
SRM_147,SRM,147,recursive,0.325,200,100,0.6,0.8,0.8,8
SRM_148,SRM,148,constant_phi,0.65,200,160,0.6,0.8,0.8,8
SRM_148,SRM,148,equilibrium,0.6,200,160,0.6,0.8,0.8,8
SRM_148,SRM,148,recursive,0.655,200,160,0.6,0.8,0.8,8
SRM_149,SRM,149,constant_phi,0.735,200,200,0.6,0.8,0.8,8
SRM_149,SRM,149,equilibrium,0.68,200,200,0.6,0.8,0.8,8
SRM_149,SRM,149,recursive,0.72,200,200,0.6,0.8,0.8,8
SRM_150,SRM,150,constant_phi,0.82,200,300,0.6,0.8,0.8,8
SRM_150,SRM,150,equilibrium,0.81,200,300,0.6,0.8,0.8,8
SRM_150,SRM,150,recursive,0.885,200,300,0.6,0.8,0.8,8
SRM_151,SRM,151,constant_phi,0.94,200,420,0.6,0.8,0.8,8
SRM_151,SRM,151,equilibrium,0.935,200,420,0.6,0.8,0.8,8
SRM_151,SRM,151,recursive,0.93,200,420,0.6,0.8,0.8,8
SRM_152,SRM,152,constant_phi,0.925,200,560,0.6,0.8,0.8,8
SRM_152,SRM,152,equilibrium,0.885,200,560,0.6,0.8,0.8,8
SRM_152,SRM,152,recursive,0.93,200,560,0.6,0.8,0.8,8
SRM_153,SRM,153,constant_phi,0.93,200,700,0.6,0.8,0.8,8
SRM_153,SRM,153,equilibrium,0.91,200,700,0.6,0.8,0.8,8
SRM_153,SRM,153,recursive,0.955,200,700,0.6,0.8,0.8,8
SRM_154,SRM,154,constant_phi,0.92,200,1000,0.6,0.8,0.8,8
SRM_154,SRM,154,equilibrium,0.935,200,1000,0.6,0.8,0.8,8
SRM_154,SRM,154,recursive,0.905,200,1000,0.6,0.8,0.8,8
SRM_155,SRM,155,constant_phi,0.965,200,1500,0.6,0.8,0.8,8
SRM_155,SRM,155,equilibrium,0.875,200,1500,0.6,0.8,0.8,8
SRM_155,SRM,155,recursive,0.92,200,1500,0.6,0.8,0.8,8
SRM_156,SRM,156,constant_phi,0.94,200,2000,0.6,0.8,0.8,8
SRM_156,SRM,156,equilibrium,0.905,200,2000,0.6,0.8,0.8,8
SRM_156,SRM,156,recursive,0.895,200,2000,0.6,0.8,0.8,8
SRM_53,SRM,53,constant_phi,0.065,200,20,0.43,0.6,0.4,1
SRM_53,SRM,53,equilibrium,0.04,200,20,0.43,0.6,0.4,1
SRM_53,SRM,53,recursive,0.01,200,20,0.43,0.6,0.4,1
SRM_54,SRM,54,constant_phi,0.115,200,40,0.43,0.6,0.4,1
SRM_54,SRM,54,equilibrium,0.05,200,40,0.43,0.6,0.4,1
SRM_54,SRM,54,recursive,0.065,200,40,0.43,0.6,0.4,1
SRM_55,SRM,55,constant_phi,0.105,200,60,0.43,0.6,0.4,1
SRM_55,SRM,55,equilibrium,0.065,200,60,0.43,0.6,0.4,1
SRM_55,SRM,55,recursive,0.06,200,60,0.43,0.6,0.4,1
SRM_56,SRM,56,constant_phi,0.22,200,100,0.43,0.6,0.4,1
SRM_56,SRM,56,equilibrium,0.115,200,100,0.43,0.6,0.4,1
SRM_56,SRM,56,recursive,0.16,200,100,0.43,0.6,0.4,1
SRM_57,SRM,57,constant_phi,0.29,200,160,0.43,0.6,0.4,1
SRM_57,SRM,57,equilibrium,0.3,200,160,0.43,0.6,0.4,1
SRM_57,SRM,57,recursive,0.245,200,160,0.43,0.6,0.4,1
SRM_58,SRM,58,constant_phi,0.33,200,200,0.43,0.6,0.4,1
SRM_58,SRM,58,equilibrium,0.3,200,200,0.43,0.6,0.4,1
SRM_58,SRM,58,recursive,0.335,200,200,0.43,0.6,0.4,1
SRM_59,SRM,59,constant_phi,0.435,200,300,0.43,0.6,0.4,1
SRM_59,SRM,59,equilibrium,0.525,200,300,0.43,0.6,0.4,1
SRM_59,SRM,59,recursive,0.525,200,300,0.43,0.6,0.4,1
SRM_60,SRM,60,constant_phi,0.595,200,420,0.43,0.6,0.4,1
SRM_60,SRM,60,equilibrium,0.58,200,420,0.43,0.6,0.4,1
SRM_60,SRM,60,recursive,0.59,200,420,0.43,0.6,0.4,1
SRM_61,SRM,61,constant_phi,0.705,200,560,0.43,0.6,0.4,1
SRM_61,SRM,61,equilibrium,0.73,200,560,0.43,0.6,0.4,1
SRM_61,SRM,61,recursive,0.735,200,560,0.43,0.6,0.4,1
SRM_62,SRM,62,constant_phi,0.8,200,700,0.43,0.6,0.4,1
SRM_62,SRM,62,equilibrium,0.85,200,700,0.43,0.6,0.4,1
SRM_62,SRM,62,recursive,0.795,200,700,0.43,0.6,0.4,1
SRM_63,SRM,63,constant_phi,0.885,200,1000,0.43,0.6,0.4,1
SRM_63,SRM,63,equilibrium,0.87,200,1000,0.43,0.6,0.4,1
SRM_63,SRM,63,recursive,0.865,200,1000,0.43,0.6,0.4,1
SRM_64,SRM,64,constant_phi,0.935,200,1500,0.43,0.6,0.4,1
SRM_64,SRM,64,equilibrium,0.915,200,1500,0.43,0.6,0.4,1
SRM_64,SRM,64,recursive,0.91,200,1500,0.43,0.6,0.4,1
SRM_65,SRM,65,constant_phi,0.94,200,2000,0.43,0.6,0.4,1
SRM_65,SRM,65,equilibrium,0.89,200,2000,0.43,0.6,0.4,1
SRM_65,SRM,65,recursive,0.885,200,2000,0.43,0.6,0.4,1
SRM_66,SRM,66,constant_phi,0.1,200,20,0.43,0.6,0.8,3
SRM_66,SRM,66,equilibrium,0.085,200,20,0.43,0.6,0.8,3
SRM_66,SRM,66,recursive,0.055,200,20,0.43,0.6,0.8,3
SRM_67,SRM,67,constant_phi,0.17,200,40,0.43,0.6,0.8,3
SRM_67,SRM,67,equilibrium,0.115,200,40,0.43,0.6,0.8,3
SRM_67,SRM,67,recursive,0.165,200,40,0.43,0.6,0.8,3
SRM_68,SRM,68,constant_phi,0.225,200,60,0.43,0.6,0.8,3
SRM_68,SRM,68,equilibrium,0.215,200,60,0.43,0.6,0.8,3
SRM_68,SRM,68,recursive,0.19,200,60,0.43,0.6,0.8,3
SRM_69,SRM,69,constant_phi,0.325,200,100,0.43,0.6,0.8,3
SRM_69,SRM,69,equilibrium,0.35,200,100,0.43,0.6,0.8,3
SRM_69,SRM,69,recursive,0.315,200,100,0.43,0.6,0.8,3
SRM_70,SRM,70,constant_phi,0.44,200,160,0.43,0.6,0.8,3
SRM_70,SRM,70,equilibrium,0.475,200,160,0.43,0.6,0.8,3
SRM_70,SRM,70,recursive,0.52,200,160,0.43,0.6,0.8,3
SRM_71,SRM,71,constant_phi,0.61,200,200,0.43,0.6,0.8,3
SRM_71,SRM,71,equilibrium,0.63,200,200,0.43,0.6,0.8,3
SRM_71,SRM,71,recursive,0.585,200,200,0.43,0.6,0.8,3
SRM_72,SRM,72,constant_phi,0.685,200,300,0.43,0.6,0.8,3
SRM_72,SRM,72,equilibrium,0.765,200,300,0.43,0.6,0.8,3
SRM_72,SRM,72,recursive,0.705,200,300,0.43,0.6,0.8,3
SRM_73,SRM,73,constant_phi,0.84,200,420,0.43,0.6,0.8,3
SRM_73,SRM,73,equilibrium,0.845,200,420,0.43,0.6,0.8,3
SRM_73,SRM,73,recursive,0.815,200,420,0.43,0.6,0.8,3
SRM_74,SRM,74,constant_phi,0.875,200,560,0.43,0.6,0.8,3
SRM_74,SRM,74,equilibrium,0.91,200,560,0.43,0.6,0.8,3
SRM_74,SRM,74,recursive,0.89,200,560,0.43,0.6,0.8,3
SRM_75,SRM,75,constant_phi,0.945,200,700,0.43,0.6,0.8,3
SRM_75,SRM,75,equilibrium,0.96,200,700,0.43,0.6,0.8,3
SRM_75,SRM,75,recursive,0.925,200,700,0.43,0.6,0.8,3
SRM_76,SRM,76,constant_phi,0.95,200,1000,0.43,0.6,0.8,3
SRM_76,SRM,76,equilibrium,0.95,200,1000,0.43,0.6,0.8,3
SRM_76,SRM,76,recursive,0.945,200,1000,0.43,0.6,0.8,3
SRM_77,SRM,77,constant_phi,0.975,200,1500,0.43,0.6,0.8,3
SRM_77,SRM,77,equilibrium,0.955,200,1500,0.43,0.6,0.8,3
SRM_77,SRM,77,recursive,0.945,200,1500,0.43,0.6,0.8,3
SRM_78,SRM,78,constant_phi,0.955,200,2000,0.43,0.6,0.8,3
SRM_78,SRM,78,equilibrium,0.925,200,2000,0.43,0.6,0.8,3
SRM_78,SRM,78,recursive,0.945,200,2000,0.43,0.6,0.8,3
SRM_79,SRM,79,constant_phi,0.075,200,20,0.43,0.8,0.4,2
SRM_79,SRM,79,equilibrium,0.045,200,20,0.43,0.8,0.4,2
SRM_79,SRM,79,recursive,0.02,200,20,0.43,0.8,0.4,2
SRM_80,SRM,80,constant_phi,0.15,200,40,0.43,0.8,0.4,2
SRM_80,SRM,80,equilibrium,0.035,200,40,0.43,0.8,0.4,2
SRM_80,SRM,80,recursive,0.05,200,40,0.43,0.8,0.4,2
SRM_81,SRM,81,constant_phi,0.205,200,60,0.43,0.8,0.4,2
SRM_81,SRM,81,equilibrium,0.075,200,60,0.43,0.8,0.4,2
SRM_81,SRM,81,recursive,0.065,200,60,0.43,0.8,0.4,2
SRM_82,SRM,82,constant_phi,0.24,200,100,0.43,0.8,0.4,2
SRM_82,SRM,82,equilibrium,0.12,200,100,0.43,0.8,0.4,2
SRM_82,SRM,82,recursive,0.12,200,100,0.43,0.8,0.4,2
SRM_83,SRM,83,constant_phi,0.355,200,160,0.43,0.8,0.4,2
SRM_83,SRM,83,equilibrium,0.125,200,160,0.43,0.8,0.4,2
SRM_83,SRM,83,recursive,0.225,200,160,0.43,0.8,0.4,2
SRM_84,SRM,84,constant_phi,0.38,200,200,0.43,0.8,0.4,2
SRM_84,SRM,84,equilibrium,0.195,200,200,0.43,0.8,0.4,2
SRM_84,SRM,84,recursive,0.255,200,200,0.43,0.8,0.4,2
SRM_85,SRM,85,constant_phi,0.47,200,300,0.43,0.8,0.4,2
SRM_85,SRM,85,equilibrium,0.27,200,300,0.43,0.8,0.4,2
SRM_85,SRM,85,recursive,0.35,200,300,0.43,0.8,0.4,2
SRM_86,SRM,86,constant_phi,0.555,200,420,0.43,0.8,0.4,2
SRM_86,SRM,86,equilibrium,0.415,200,420,0.43,0.8,0.4,2
SRM_86,SRM,86,recursive,0.46,200,420,0.43,0.8,0.4,2
SRM_87,SRM,87,constant_phi,0.69,200,560,0.43,0.8,0.4,2
SRM_87,SRM,87,equilibrium,0.56,200,560,0.43,0.8,0.4,2
SRM_87,SRM,87,recursive,0.67,200,560,0.43,0.8,0.4,2
SRM_88,SRM,88,constant_phi,0.765,200,700,0.43,0.8,0.4,2
SRM_88,SRM,88,equilibrium,0.57,200,700,0.43,0.8,0.4,2
SRM_88,SRM,88,recursive,0.68,200,700,0.43,0.8,0.4,2
SRM_89,SRM,89,constant_phi,0.87,200,1000,0.43,0.8,0.4,2
SRM_89,SRM,89,equilibrium,0.825,200,1000,0.43,0.8,0.4,2
SRM_89,SRM,89,recursive,0.83,200,1000,0.43,0.8,0.4,2
SRM_90,SRM,90,constant_phi,0.91,200,1500,0.43,0.8,0.4,2
SRM_90,SRM,90,equilibrium,0.89,200,1500,0.43,0.8,0.4,2
SRM_90,SRM,90,recursive,0.905,200,1500,0.43,0.8,0.4,2
SRM_91,SRM,91,constant_phi,0.92,200,2000,0.43,0.8,0.4,2
SRM_91,SRM,91,equilibrium,0.875,200,2000,0.43,0.8,0.4,2
SRM_91,SRM,91,recursive,0.97,200,2000,0.43,0.8,0.4,2
SRM_92,SRM,92,constant_phi,0.155,200,20,0.43,0.8,0.8,4
SRM_92,SRM,92,equilibrium,0.035,200,20,0.43,0.8,0.8,4
SRM_92,SRM,92,recursive,0.04,200,20,0.43,0.8,0.8,4
SRM_93,SRM,93,constant_phi,0.185,200,40,0.43,0.8,0.8,4
SRM_93,SRM,93,equilibrium,0.065,200,40,0.43,0.8,0.8,4
SRM_93,SRM,93,recursive,0.085,200,40,0.43,0.8,0.8,4
SRM_94,SRM,94,constant_phi,0.27,200,60,0.43,0.8,0.8,4
SRM_94,SRM,94,equilibrium,0.14,200,60,0.43,0.8,0.8,4
SRM_94,SRM,94,recursive,0.085,200,60,0.43,0.8,0.8,4
SRM_95,SRM,95,constant_phi,0.34,200,100,0.43,0.8,0.8,4
SRM_95,SRM,95,equilibrium,0.205,200,100,0.43,0.8,0.8,4
SRM_95,SRM,95,recursive,0.265,200,100,0.43,0.8,0.8,4
SRM_96,SRM,96,constant_phi,0.525,200,160,0.43,0.8,0.8,4
SRM_96,SRM,96,equilibrium,0.29,200,160,0.43,0.8,0.8,4
SRM_96,SRM,96,recursive,0.385,200,160,0.43,0.8,0.8,4
SRM_97,SRM,97,constant_phi,0.505,200,200,0.43,0.8,0.8,4
SRM_97,SRM,97,equilibrium,0.365,200,200,0.43,0.8,0.8,4
SRM_97,SRM,97,recursive,0.455,200,200,0.43,0.8,0.8,4
SRM_98,SRM,98,constant_phi,0.64,200,300,0.43,0.8,0.8,4
SRM_98,SRM,98,equilibrium,0.57,200,300,0.43,0.8,0.8,4
SRM_98,SRM,98,recursive,0.605,200,300,0.43,0.8,0.8,4
SRM_99,SRM,99,constant_phi,0.735,200,420,0.43,0.8,0.8,4
SRM_99,SRM,99,equilibrium,0.65,200,420,0.43,0.8,0.8,4
SRM_99,SRM,99,recursive,0.73,200,420,0.43,0.8,0.8,4
