scenario_id,ci_two_tail,rep_count,total_n,psi,phi,p
1,0.095,200,100,0.43,0.6,0.4
2,0.21,200,200,0.43,0.6,0.4
3,0.36,200,300,0.43,0.6,0.4
4,0.485,200,450,0.43,0.6,0.4
5,0.67,200,750,0.43,0.6,0.4
6,0.79,200,1200,0.43,0.6,0.4
7,0.93,200,2000,0.43,0.6,0.4
8,0.935,200,3500,0.43,0.6,0.4
9,0.145,200,100,0.6,0.6,0.4
10,0.295,200,200,0.6,0.6,0.4
11,0.44,200,300,0.6,0.6,0.4
12,0.56,200,450,0.6,0.6,0.4
13,0.68,200,750,0.6,0.6,0.4
14,0.805,200,1200,0.6,0.6,0.4
15,0.83,200,2000,0.6,0.6,0.4
16,0.89,200,3500,0.6,0.6,0.4
17,0.165,200,100,0.43,0.6,0.8
18,0.37,200,200,0.43,0.6,0.8
19,0.595,200,300,0.43,0.6,0.8
20,0.67,200,450,0.43,0.6,0.8
21,0.905,200,750,0.43,0.6,0.8
22,0.935,200,1200,0.43,0.6,0.8
23,0.975,200,2000,0.43,0.6,0.8
24,0.965,200,3500,0.43,0.6,0.8
25,0.345,200,100,0.6,0.6,0.8
26,0.54,200,200,0.6,0.6,0.8
27,0.75,200,300,0.6,0.6,0.8
28,0.925,200,450,0.6,0.6,0.8
29,0.94,200,750,0.6,0.6,0.8
30,0.985,200,1200,0.6,0.6,0.8
31,0.95,200,2000,0.6,0.6,0.8
32,0.95,200,3500,0.6,0.6,0.8
33,0.06,200,100,0.43,0.8,0.4
34,0.13,200,200,0.43,0.8,0.4
35,0.235,200,300,0.43,0.8,0.4
36,0.415,200,450,0.43,0.8,0.4
37,0.68,200,750,0.43,0.8,0.4
38,0.79,200,1200,0.43,0.8,0.4
39,0.905,200,2000,0.43,0.8,0.4
40,0.76,200,3500,0.43,0.8,0.4
41,0.135,200,100,0.6,0.8,0.4
42,0.265,200,200,0.6,0.8,0.4
43,0.47,200,300,0.6,0.8,0.4
44,0.65,200,450,0.6,0.8,0.4
45,0.825,200,750,0.6,0.8,0.4
46,0.825,200,1200,0.6,0.8,0.4
47,0.72,200,2000,0.6,0.8,0.4
48,0.43,200,3500,0.6,0.8,0.4
49,0.165,200,100,0.43,0.8,0.8
50,0.33,200,200,0.43,0.8,0.8
51,0.41,200,300,0.43,0.8,0.8
52,0.66,200,450,0.43,0.8,0.8
53,0.86,200,750,0.43,0.8,0.8
54,0.945,200,1200,0.43,0.8,0.8
55,0.915,200,2000,0.43,0.8,0.8
56,0.745,200,3500,0.43,0.8,0.8
57,0.305,200,100,0.6,0.8,0.8
58,0.475,200,200,0.6,0.8,0.8
59,0.71,200,300,0.6,0.8,0.8
60,0.88,200,450,0.6,0.8,0.8
61,0.965,200,750,0.6,0.8,0.8
62,0.915,200,1200,0.6,0.8,0.8
63,0.885,200,2000,0.6,0.8,0.8
64,0.69,200,3500,0.6,0.8,0.8
