high_name,emu,sim_num,ci_two_tail,bias,rep_count,total_n,psi,phi,p,line_id
BRE_100,BRE,100,0.085,-0.15188970425331477,200,20,0.6,0.6,0.8,7
BRE_101,BRE,101,0.15,-0.05586346754421298,200,40,0.6,0.6,0.8,7
BRE_102,BRE,102,0.245,-0.016932311390672264,200,60,0.6,0.6,0.8,7
BRE_103,BRE,103,0.365,-0.012816280337007178,200,100,0.6,0.6,0.8,7
BRE_104,BRE,104,0.525,-0.02495328285373364,200,160,0.6,0.6,0.8,7
BRE_105,BRE,105,0.575,-0.009024822771570202,200,200,0.6,0.6,0.8,7
BRE_106,BRE,106,0.755,-0.007410198582211672,200,300,0.6,0.6,0.8,7
BRE_107,BRE,107,0.915,-3.3365796965213973e-4,200,420,0.6,0.6,0.8,7
BRE_108,BRE,108,0.97,9.501718049158329e-4,200,560,0.6,0.6,0.8,7
BRE_109,BRE,109,0.985,-0.00857844029939034,200,700,0.6,0.6,0.8,7
BRE_110,BRE,110,1,0.020592425182671098,5,930,0.6,0.6,0.8,7
BRE_111,BRE,111,0,-0.5292951239844914,200,20,0.6,0.8,0.4,6
BRE_112,BRE,112,0.04,-0.2956617168691555,200,40,0.6,0.8,0.4,6
BRE_113,BRE,113,0.03,-0.2644738257479834,200,60,0.6,0.8,0.4,6
BRE_114,BRE,114,0.045,-0.14992454632509342,200,100,0.6,0.8,0.4,6
BRE_115,BRE,115,0.15,-0.1274398408590883,200,160,0.6,0.8,0.4,6
BRE_116,BRE,116,0.24,-0.09512619999502062,200,200,0.6,0.8,0.4,6
BRE_117,BRE,117,0.355,-0.07301696007537098,200,300,0.6,0.8,0.4,6
BRE_118,BRE,118,0.575,-0.039159904291246286,200,420,0.6,0.8,0.4,6
BRE_119,BRE,119,0.76,-0.024209777984353874,200,560,0.6,0.8,0.4,6
BRE_120,BRE,120,0.855,-0.012141396125860897,200,700,0.6,0.8,0.4,6
BRE_122,BRE,122,0.02,-0.2923097795665761,200,20,0.6,0.8,0.8,8
BRE_123,BRE,123,0.065,-0.14102733199517675,200,40,0.6,0.8,0.8,8
BRE_124,BRE,124,0.135,-0.08418277001453078,200,60,0.6,0.8,0.8,8
BRE_125,BRE,125,0.29,-0.05773088507874301,200,100,0.6,0.8,0.8,8
BRE_126,BRE,126,0.445,-0.02991622732404654,200,160,0.6,0.8,0.8,8
BRE_127,BRE,127,0.615,-0.016543537785937364,200,200,0.6,0.8,0.8,8
BRE_128,BRE,128,0.76,-0.015448742312827345,200,300,0.6,0.8,0.8,8
BRE_129,BRE,129,0.89,-0.00895654141597868,200,420,0.6,0.8,0.8,8
BRE_130,BRE,130,0.955,-0.006615750092649398,200,560,0.6,0.8,0.8,8
BRE_131,BRE,131,0.985,-0.010125786587052607,200,700,0.6,0.8,0.8,8
BRE_45,BRE,45,0.015,-0.683293845735785,200,20,0.43,0.6,0.4,1
BRE_46,BRE,46,0.035,-0.3097143148847114,200,40,0.43,0.6,0.4,1
BRE_47,BRE,47,0.035,-0.22459232568138252,200,60,0.43,0.6,0.4,1
BRE_48,BRE,48,0.13,-0.12004873956213216,200,100,0.43,0.6,0.4,1
BRE_49,BRE,49,0.16,-0.05648464875420001,200,160,0.43,0.6,0.4,1
BRE_50,BRE,50,0.225,-0.07193636895967938,200,200,0.43,0.6,0.4,1
BRE_51,BRE,51,0.375,-0.0279328927849321,200,300,0.43,0.6,0.4,1
BRE_52,BRE,52,0.495,-0.014589953260522209,200,420,0.43,0.6,0.4,1
BRE_53,BRE,53,0.57,-0.012776878138546362,200,560,0.43,0.6,0.4,1
BRE_54,BRE,54,0.71,-0.007972987825746073,200,700,0.43,0.6,0.4,1
BRE_55,BRE,55,0.815,-0.013689737047769976,200,930,0.43,0.6,0.4,1
BRE_56,BRE,56,0.035,-0.2868355342034505,200,20,0.43,0.6,0.8,3
BRE_57,BRE,57,0.085,-0.11766190286542827,200,40,0.43,0.6,0.8,3
BRE_58,BRE,58,0.105,-0.0801906582168424,200,60,0.43,0.6,0.8,3
BRE_59,BRE,59,0.205,-0.028735748294388297,200,100,0.43,0.6,0.8,3
BRE_60,BRE,60,0.27,-0.03731087528820309,200,160,0.43,0.6,0.8,3
BRE_61,BRE,61,0.405,-0.02552241606961487,200,200,0.43,0.6,0.8,3
BRE_62,BRE,62,0.575,-0.008937969102512386,200,300,0.43,0.6,0.8,3
BRE_63,BRE,63,0.735,-0.010643405911951967,200,420,0.43,0.6,0.8,3
BRE_64,BRE,64,0.815,-0.008223913704395841,200,560,0.43,0.6,0.8,3
BRE_65,BRE,65,0.865,-0.006645693526591063,200,700,0.43,0.6,0.8,3
BRE_66,BRE,66,0.97,-0.00637956938889031,200,930,0.43,0.6,0.8,3
BRE_67,BRE,67,0.01,-0.8093908684500157,200,20,0.43,0.8,0.4,2
BRE_68,BRE,68,0.01,-0.46922397460720633,200,40,0.43,0.8,0.4,2
BRE_69,BRE,69,0.005,-0.375063472787159,200,60,0.43,0.8,0.4,2
BRE_70,BRE,70,0.05,-0.19992625240800885,200,100,0.43,0.8,0.4,2
BRE_71,BRE,71,0.1,-0.1262026738153183,200,160,0.43,0.8,0.4,2
BRE_72,BRE,72,0.125,-0.1164568567749845,200,200,0.43,0.8,0.4,2
BRE_73,BRE,73,0.22,-0.09622663896876706,200,300,0.43,0.8,0.4,2
BRE_74,BRE,74,0.47,-0.03570255184239343,200,420,0.43,0.8,0.4,2
BRE_75,BRE,75,0.49,-0.04143381418214935,200,560,0.43,0.8,0.4,2
BRE_76,BRE,76,0.68,-0.02110378299272403,200,700,0.43,0.8,0.4,2
BRE_77,BRE,77,0.76,-0.022180575834759606,200,930,0.43,0.8,0.4,2
BRE_78,BRE,78,0.01,-0.6028283544733983,200,20,0.43,0.8,0.8,4
BRE_79,BRE,79,0.055,-0.22573105621245662,200,40,0.43,0.8,0.8,4
BRE_80,BRE,80,0.085,-0.16290537588348927,200,60,0.43,0.8,0.8,4
BRE_81,BRE,81,0.15,-0.08377215494095348,200,100,0.43,0.8,0.8,4
BRE_82,BRE,82,0.275,-0.055277746690751826,200,160,0.43,0.8,0.8,4
BRE_83,BRE,83,0.33,-0.04759959997663303,200,200,0.43,0.8,0.8,4
BRE_84,BRE,84,0.56,-0.024863846154625106,200,300,0.43,0.8,0.8,4
BRE_85,BRE,85,0.695,-0.0192697281659381,200,420,0.43,0.8,0.8,4
BRE_86,BRE,86,0.78,-0.013268545222827699,200,560,0.43,0.8,0.8,4
BRE_87,BRE,87,0.92,-0.007281036706421451,200,700,0.43,0.8,0.8,4
BRE_88,BRE,88,0.955,-0.004837608627724939,200,930,0.43,0.8,0.8,4
BRE_89,BRE,89,0.015,-0.42783780755476425,200,20,0.6,0.6,0.4,5
BRE_90,BRE,90,0.045,-0.26680224000795894,200,40,0.6,0.6,0.4,5
BRE_91,BRE,91,0.06,-0.17885737591305692,200,60,0.6,0.6,0.4,5
BRE_92,BRE,92,0.125,-0.13420522381663963,200,100,0.6,0.6,0.4,5
BRE_93,BRE,93,0.21,-0.1374820446052371,200,160,0.6,0.6,0.4,5
BRE_94,BRE,94,0.175,-0.13262742538867772,200,200,0.6,0.6,0.4,5
BRE_95,BRE,95,0.385,-0.07050398127219566,200,300,0.6,0.6,0.4,5
BRE_96,BRE,96,0.47,-0.05957174080080836,200,420,0.6,0.6,0.4,5
BRE_97,BRE,97,0.7,-0.030596254784628463,200,560,0.6,0.6,0.4,5
BRE_98,BRE,98,0.74,-0.037377147838985755,200,700,0.6,0.6,0.4,5
BRE_99,BRE,99,0.92,-0.004949344686000842,200,930,0.6,0.6,0.4,5
BRW_100,BRW,100,0.03,-0.3169045655534242,200,20,0.6,0.8,0.8,8
BRW_101,BRW,101,0.07,-0.13646119600837245,200,40,0.6,0.8,0.8,8
BRW_102,BRW,102,0.165,-0.09473868670081136,200,60,0.6,0.8,0.8,8
BRW_103,BRW,103,0.315,-0.045839320064140626,200,100,0.6,0.8,0.8,8
BRW_104,BRW,104,0.48,-0.02492181316374914,200,160,0.6,0.8,0.8,8
BRW_105,BRW,105,0.62,-0.011828235497149635,200,200,0.6,0.8,0.8,8
BRW_106,BRW,106,0.765,-0.019179052228648564,200,300,0.6,0.8,0.8,8
BRW_107,BRW,107,0.915,-0.006127913588728323,200,420,0.6,0.8,0.8,8
BRW_108,BRW,108,0.91,-0.007107496688023615,200,462,0.6,0.8,0.8,8
BRW_37,BRW,37,0.025,-0.5771460467036644,200,20,0.43,0.6,0.4,1
BRW_38,BRW,38,0.04,-0.3054690991372224,200,40,0.43,0.6,0.4,1
BRW_39,BRW,39,0.05,-0.19320637219430956,200,60,0.43,0.6,0.4,1
BRW_40,BRW,40,0.075,-0.1481810104373332,200,100,0.43,0.6,0.4,1
BRW_41,BRW,41,0.205,-0.052876250047439864,200,160,0.43,0.6,0.4,1
BRW_42,BRW,42,0.235,-0.045871906518428034,200,200,0.43,0.6,0.4,1
BRW_43,BRW,43,0.32,-0.04547405160957552,200,300,0.43,0.6,0.4,1
BRW_44,BRW,44,0.49,-0.013686808566898684,200,420,0.43,0.6,0.4,1
BRW_45,BRW,45,0.525,-0.016267606933648142,200,462,0.43,0.6,0.4,1
BRW_46,BRW,46,0.05,-0.27096355216553614,200,20,0.43,0.6,0.8,3
BRW_47,BRW,47,0.085,-0.09948383682768266,200,40,0.43,0.6,0.8,3
BRW_48,BRW,48,0.165,-0.06726476483267953,200,60,0.43,0.6,0.8,3
BRW_49,BRW,49,0.205,-0.052543091373421634,200,100,0.43,0.6,0.8,3
BRW_50,BRW,50,0.325,-0.03303914559083053,200,160,0.43,0.6,0.8,3
BRW_51,BRW,51,0.39,-0.015954525736253524,200,200,0.43,0.6,0.8,3
BRW_52,BRW,52,0.585,-0.008445322501853312,200,300,0.43,0.6,0.8,3
BRW_53,BRW,53,0.73,-0.013388737577281488,200,420,0.43,0.6,0.8,3
BRW_54,BRW,54,0.775,-0.004296688342550703,200,462,0.43,0.6,0.8,3
BRW_55,BRW,55,0.005,-1.07025874086644,200,20,0.43,0.8,0.4,2
BRW_56,BRW,56,0.01,-0.5153515969256414,200,40,0.43,0.8,0.4,2
BRW_57,BRW,57,0.04,-0.3156669771557931,200,60,0.43,0.8,0.4,2
BRW_58,BRW,58,0.07,-0.20439013338104223,200,100,0.43,0.8,0.4,2
BRW_59,BRW,59,0.09,-0.1272850366144734,200,160,0.43,0.8,0.4,2
BRW_60,BRW,60,0.185,-0.08864887834817221,200,200,0.43,0.8,0.4,2
BRW_61,BRW,61,0.255,-0.07095911452552045,200,300,0.43,0.8,0.4,2
BRW_62,BRW,62,0.445,-0.0429548800750545,200,420,0.43,0.8,0.4,2
BRW_63,BRW,63,0.48,-0.039883253611143255,200,462,0.43,0.8,0.4,2
BRW_64,BRW,64,0.01,-0.6177128397633298,200,20,0.43,0.8,0.8,4
BRW_65,BRW,65,0.035,-0.25334625024284596,200,40,0.43,0.8,0.8,4
BRW_66,BRW,66,0.08,-0.15015850305568615,200,60,0.43,0.8,0.8,4
BRW_67,BRW,67,0.12,-0.11555055850587781,200,100,0.43,0.8,0.8,4
BRW_68,BRW,68,0.265,-0.06934938703657796,200,160,0.43,0.8,0.8,4
BRW_69,BRW,69,0.44,-0.03707691126887772,200,200,0.43,0.8,0.8,4
BRW_70,BRW,70,0.57,-0.023508819121625394,200,300,0.43,0.8,0.8,4
BRW_71,BRW,71,0.735,-0.014520273941055074,200,420,0.43,0.8,0.8,4
BRW_72,BRW,72,0.79,-0.02198810435039753,200,462,0.43,0.8,0.8,4
BRW_73,BRW,73,0.02,-0.4162989650569798,200,20,0.6,0.6,0.4,5
BRW_74,BRW,74,0.095,-0.21766522446133377,200,40,0.6,0.6,0.4,5
BRW_75,BRW,75,0.065,-0.20496743050577373,200,60,0.6,0.6,0.4,5
BRW_76,BRW,76,0.135,-0.19149953805607176,200,100,0.6,0.6,0.4,5
BRW_77,BRW,77,0.175,-0.14290402670429594,200,160,0.6,0.6,0.4,5
BRW_78,BRW,78,0.2,-0.12478398678075214,200,200,0.6,0.6,0.4,5
BRW_79,BRW,79,0.345,-0.07905561816611424,200,300,0.6,0.6,0.4,5
BRW_80,BRW,80,0.525,-0.05201242102128467,200,420,0.6,0.6,0.4,5
BRW_81,BRW,81,0.725,-0.010933371923941875,200,462,0.6,0.6,0.4,5
BRW_82,BRW,82,0.07,-0.11528189690155657,200,20,0.6,0.6,0.8,7
BRW_83,BRW,83,0.16,-0.05695663665159182,200,40,0.6,0.6,0.8,7
BRW_84,BRW,84,0.25,-0.032116916467599926,200,60,0.6,0.6,0.8,7
BRW_85,BRW,85,0.32,-0.020985875765252505,200,100,0.6,0.6,0.8,7
BRW_86,BRW,86,0.44,-0.02648893424289411,200,160,0.6,0.6,0.8,7
BRW_87,BRW,87,0.62,-0.003550615042437668,200,200,0.6,0.6,0.8,7
BRW_88,BRW,88,0.765,-0.012817669993016517,200,300,0.6,0.6,0.8,7
BRW_89,BRW,89,0.91,-0.0022127140514069266,200,420,0.6,0.6,0.8,7
BRW_90,BRW,90,0.94,3.93432066576272e-5,200,462,0.6,0.6,0.8,7
BRW_91,BRW,91,0.025,-0.6208334181582793,200,20,0.6,0.8,0.4,6
BRW_92,BRW,92,0.02,-0.3502205259417841,200,40,0.6,0.8,0.4,6
BRW_93,BRW,93,0.03,-0.25108279319099225,200,60,0.6,0.8,0.4,6
BRW_94,BRW,94,0.055,-0.18871166859066058,200,100,0.6,0.8,0.4,6
BRW_95,BRW,95,0.13,-0.10835449165009006,200,160,0.6,0.8,0.4,6
BRW_96,BRW,96,0.23,-0.09177922562936157,200,200,0.6,0.8,0.4,6
BRW_97,BRW,97,0.345,-0.05966165063184817,200,300,0.6,0.8,0.4,6
BRW_98,BRW,98,0.58,-0.031198699456418327,200,420,0.6,0.8,0.4,6
BRW_99,BRW,99,0.745,-0.01398732838561915,200,462,0.6,0.8,0.4,6
CP_100,CP,100,0.805,-0.01133038231155324,200,560,0.43,0.8,0.8,4
CP_101,CP,101,0.84,-0.02145288532986838,200,700,0.43,0.8,0.8,4
CP_102,CP,102,0.94,-0.00841352755028416,200,1000,0.43,0.8,0.8,4
CP_103,CP,103,0.97,-0.009176973480337065,200,1500,0.43,0.8,0.8,4
CP_105,CP,105,0.02,-0.410052974778124,200,20,0.6,0.6,0.4,5
CP_106,CP,106,0.045,-0.234298006904333,200,40,0.6,0.6,0.4,5
CP_107,CP,107,0.095,-0.20457070520468007,200,60,0.6,0.6,0.4,5
CP_108,CP,108,0.12,-0.16066541815840724,200,100,0.6,0.6,0.4,5
CP_109,CP,109,0.175,-0.1382361521839661,200,160,0.6,0.6,0.4,5
CP_110,CP,110,0.205,-0.12868475721633724,200,200,0.6,0.6,0.4,5
CP_111,CP,111,0.32,-0.09913357205813178,200,300,0.6,0.6,0.4,5
CP_112,CP,112,0.455,-0.07461781094520692,200,420,0.6,0.6,0.4,5
CP_113,CP,113,0.625,-0.0529600004985096,200,560,0.6,0.6,0.4,5
CP_114,CP,114,0.805,-0.026657378267881345,200,700,0.6,0.6,0.4,5
CP_115,CP,115,0.89,-0.014512582204142817,200,1000,0.6,0.6,0.4,5
CP_116,CP,116,0.95,-0.011747323656500016,200,1500,0.6,0.6,0.4,5
CP_118,CP,118,0.065,-0.13509400072731115,200,20,0.6,0.6,0.8,7
CP_119,CP,119,0.11,-0.055631259736469554,200,40,0.6,0.6,0.8,7
CP_120,CP,120,0.275,-0.02753049247751809,200,60,0.6,0.6,0.8,7
CP_121,CP,121,0.355,-0.026057669415640503,200,100,0.6,0.6,0.8,7
CP_122,CP,122,0.53,-0.009779040383239306,200,160,0.6,0.6,0.8,7
CP_123,CP,123,0.575,-0.017981662575097007,200,200,0.6,0.6,0.8,7
CP_124,CP,124,0.79,-0.004989666876007445,200,300,0.6,0.6,0.8,7
CP_125,CP,125,0.92,-0.0028994025749192196,200,420,0.6,0.6,0.8,7
CP_126,CP,126,0.935,-0.009129746221142534,200,560,0.6,0.6,0.8,7
CP_127,CP,127,0.965,-0.003853803929999671,200,700,0.6,0.6,0.8,7
CP_128,CP,128,0.97,-0.002797234342754004,200,1000,0.6,0.6,0.8,7
CP_129,CP,129,0.995,-1.314766563169939e-4,200,1500,0.6,0.6,0.8,7
CP_131,CP,131,0,-0.5618333159769541,200,20,0.6,0.8,0.4,6
CP_132,CP,132,0.015,-0.39425627012984144,200,40,0.6,0.8,0.4,6
CP_133,CP,133,0.035,-0.26725099365028787,200,60,0.6,0.8,0.4,6
CP_134,CP,134,0.1,-0.15667075955811674,200,100,0.6,0.8,0.4,6
CP_135,CP,135,0.165,-0.11446221579872487,200,160,0.6,0.8,0.4,6
CP_136,CP,136,0.235,-0.07657790917360853,200,200,0.6,0.8,0.4,6
CP_137,CP,137,0.325,-0.08231649983358626,200,300,0.6,0.8,0.4,6
CP_138,CP,138,0.525,-0.04226897497147414,200,420,0.6,0.8,0.4,6
CP_139,CP,139,0.75,-0.02475896813370966,200,560,0.6,0.8,0.4,6
CP_140,CP,140,0.85,-0.012469997719265274,200,700,0.6,0.8,0.4,6
CP_141,CP,141,0.915,-0.010578263038470908,200,1000,0.6,0.8,0.4,6
CP_142,CP,142,0.9333333333333333,-0.013688202310819053,165,1500,0.6,0.8,0.4,6
CP_144,CP,144,0.035,-0.27279870469835604,200,20,0.6,0.8,0.8,8
CP_145,CP,145,0.09,-0.12261041847498848,200,40,0.6,0.8,0.8,8
CP_146,CP,146,0.13,-0.07027908893245072,200,60,0.6,0.8,0.8,8
CP_147,CP,147,0.275,-0.0492616463148629,200,100,0.6,0.8,0.8,8
CP_148,CP,148,0.425,-0.03143971026743901,200,160,0.6,0.8,0.8,8
CP_149,CP,149,0.55,-0.027982998900756787,200,200,0.6,0.8,0.8,8
CP_150,CP,150,0.78,-0.017740738182845012,200,300,0.6,0.8,0.8,8
CP_151,CP,151,0.89,-0.018888929695923363,200,420,0.6,0.8,0.8,8
CP_152,CP,152,0.94,-0.010873883228142657,200,560,0.6,0.8,0.8,8
CP_153,CP,153,0.95,-0.006139809364837007,200,700,0.6,0.8,0.8,8
CP_154,CP,154,0.98,-0.006769661795220608,200,1000,0.6,0.8,0.8,8
CP_53,CP,53,0.02,-0.5062902798767823,200,20,0.43,0.6,0.4,1
CP_54,CP,54,0.04,-0.31754549013787653,200,40,0.43,0.6,0.4,1
CP_55,CP,55,0.04,-0.22158892295355753,200,60,0.43,0.6,0.4,1
CP_56,CP,56,0.125,-0.14143114858347716,200,100,0.43,0.6,0.4,1
CP_57,CP,57,0.13,-0.07821326329447534,200,160,0.43,0.6,0.4,1
CP_58,CP,58,0.205,-0.06653395244662409,200,200,0.43,0.6,0.4,1
CP_59,CP,59,0.34,-0.04473878553161427,200,300,0.43,0.6,0.4,1
CP_60,CP,60,0.51,-0.018696137363087603,200,420,0.43,0.6,0.4,1
CP_61,CP,61,0.59,-0.016917583191091542,200,560,0.43,0.6,0.4,1
CP_62,CP,62,0.65,-0.01283611351313454,200,700,0.43,0.6,0.4,1
CP_63,CP,63,0.825,-0.014366500655938605,200,1000,0.43,0.6,0.4,1
CP_64,CP,64,0.91,-0.014792305040676884,200,1500,0.43,0.6,0.4,1
CP_66,CP,66,0.045,-0.8052532882694969,200,20,0.43,0.6,0.8,3
CP_67,CP,67,0.115,-0.1301286649425574,200,40,0.43,0.6,0.8,3
CP_68,CP,68,0.11,-0.06903799154277956,200,60,0.43,0.6,0.8,3
CP_69,CP,69,0.21,-0.04474301453261719,200,100,0.43,0.6,0.8,3
CP_70,CP,70,0.3,-0.03493470817493656,200,160,0.43,0.6,0.8,3
CP_71,CP,71,0.45,-0.0025237290351026883,200,200,0.43,0.6,0.8,3
CP_72,CP,72,0.57,-0.015277852130926348,200,300,0.43,0.6,0.8,3
CP_73,CP,73,0.69,-0.010967758573133915,200,420,0.43,0.6,0.8,3
CP_74,CP,74,0.805,-0.0107707252251273,200,560,0.43,0.6,0.8,3
CP_75,CP,75,0.89,-0.0044125333841955475,200,700,0.43,0.6,0.8,3
CP_76,CP,76,0.955,0.002404716166388475,200,1000,0.43,0.6,0.8,3
CP_77,CP,77,0.985,-0.0022236517596167286,200,1500,0.43,0.6,0.8,3
CP_79,CP,79,0.01,-0.7861115909829802,200,20,0.43,0.8,0.4,2
CP_80,CP,80,0.01,-0.524191592503464,200,40,0.43,0.8,0.4,2
CP_81,CP,81,0.02,-0.31148174126948514,200,60,0.43,0.8,0.4,2
CP_82,CP,82,0.05,-0.2379369952398491,200,100,0.43,0.8,0.4,2
CP_83,CP,83,0.095,-0.1251746036451253,200,160,0.43,0.8,0.4,2
CP_84,CP,84,0.125,-0.11379127287214776,200,200,0.43,0.8,0.4,2
CP_85,CP,85,0.27,-0.07845930165494754,200,300,0.43,0.8,0.4,2
CP_86,CP,86,0.38,-0.051354275168692565,200,420,0.43,0.8,0.4,2
CP_87,CP,87,0.535,-0.03878588009168314,200,560,0.43,0.8,0.4,2
CP_88,CP,88,0.635,-0.03023859753831817,200,700,0.43,0.8,0.4,2
CP_89,CP,89,0.83,-0.009597991876783287,200,1000,0.43,0.8,0.4,2
CP_90,CP,90,0.945,-0.011817868389546498,200,1500,0.43,0.8,0.4,2
CP_92,CP,92,0.01,-0.677362267113639,200,20,0.43,0.8,0.8,4
CP_93,CP,93,0.03,-0.2804014915314689,200,40,0.43,0.8,0.8,4
CP_94,CP,94,0.085,-0.14784178524481792,200,60,0.43,0.8,0.8,4
CP_95,CP,95,0.115,-0.11144311080259692,200,100,0.43,0.8,0.8,4
CP_96,CP,96,0.3,-0.038214475665662426,200,160,0.43,0.8,0.8,4
CP_97,CP,97,0.395,-0.041704345766459094,200,200,0.43,0.8,0.8,4
CP_98,CP,98,0.515,-0.03246269874831718,200,300,0.43,0.8,0.8,4
CP_99,CP,99,0.735,-0.009731105926888675,200,420,0.43,0.8,0.8,4
SRM_100,SRM,100,0.785,-0.021031465815859473,200,560,0.43,0.8,0.8,4
SRM_101,SRM,101,0.875,-0.014069226384357753,200,700,0.43,0.8,0.8,4
SRM_102,SRM,102,0.935,-0.0068900335383502605,200,1000,0.43,0.8,0.8,4
SRM_103,SRM,103,0.965,-0.005685943800749278,200,1500,0.43,0.8,0.8,4
SRM_105,SRM,105,0.02,-0.40428979164021067,200,20,0.6,0.6,0.4,5
SRM_106,SRM,106,0.06,-0.26943707112766013,200,40,0.6,0.6,0.4,5
SRM_107,SRM,107,0.06,-0.2466062534477409,200,60,0.6,0.6,0.4,5
SRM_108,SRM,108,0.12,-0.15578320009026853,200,100,0.6,0.6,0.4,5
SRM_109,SRM,109,0.165,-0.13288775405980238,200,160,0.6,0.6,0.4,5
SRM_110,SRM,110,0.255,-0.10811969685771286,200,200,0.6,0.6,0.4,5
SRM_111,SRM,111,0.345,-0.08435789103350186,200,300,0.6,0.6,0.4,5
SRM_112,SRM,112,0.535,-0.05355829082950637,200,420,0.6,0.6,0.4,5
SRM_113,SRM,113,0.675,-0.04016992350751055,200,560,0.6,0.6,0.4,5
SRM_114,SRM,114,0.77,-0.03250512456752267,200,700,0.6,0.6,0.4,5
SRM_115,SRM,115,0.86,-0.016704441826125117,200,1000,0.6,0.6,0.4,5
SRM_116,SRM,116,0.96,-0.005975193666042863,200,1500,0.6,0.6,0.4,5
SRM_118,SRM,118,0.055,-0.13293586654962694,200,20,0.6,0.6,0.8,7
SRM_119,SRM,119,0.125,-0.06193353847862518,200,40,0.6,0.6,0.8,7
SRM_120,SRM,120,0.18,-0.04967754100759518,200,60,0.6,0.6,0.8,7
SRM_121,SRM,121,0.37,-0.00524506773783317,200,100,0.6,0.6,0.8,7
SRM_122,SRM,122,0.505,-0.008733530482819964,200,160,0.6,0.6,0.8,7
SRM_123,SRM,123,0.62,-0.011247237831595567,200,200,0.6,0.6,0.8,7
SRM_124,SRM,124,0.76,-0.011455170693458173,200,300,0.6,0.6,0.8,7
SRM_125,SRM,125,0.91,8.153293106682731e-4,200,420,0.6,0.6,0.8,7
SRM_126,SRM,126,0.96,3.9780055093969677e-4,200,560,0.6,0.6,0.8,7
SRM_127,SRM,127,0.98,-0.004683514803425038,200,700,0.6,0.6,0.8,7
SRM_128,SRM,128,0.955,-0.0037923650125261826,200,1000,0.6,0.6,0.8,7
SRM_129,SRM,129,0.985,-0.004995335731638676,200,1500,0.6,0.6,0.8,7
SRM_131,SRM,131,0,-0.7256775547416665,200,20,0.6,0.8,0.4,6
SRM_132,SRM,132,0.035,-0.3353664723726726,200,40,0.6,0.8,0.4,6
SRM_133,SRM,133,0.04,-0.23911983905121473,200,60,0.6,0.8,0.4,6
SRM_134,SRM,134,0.075,-0.1439624625668813,200,100,0.6,0.8,0.4,6
SRM_135,SRM,135,0.135,-0.11796239906864892,200,160,0.6,0.8,0.4,6
SRM_136,SRM,136,0.18,-0.09219869099689187,200,200,0.6,0.8,0.4,6
SRM_137,SRM,137,0.375,-0.06669168002587475,200,300,0.6,0.8,0.4,6
SRM_138,SRM,138,0.555,-0.04175720357536387,200,420,0.6,0.8,0.4,6
SRM_139,SRM,139,0.745,-0.02696924502756439,200,560,0.6,0.8,0.4,6
SRM_140,SRM,140,0.8,-0.026305491278573553,200,700,0.6,0.8,0.4,6
SRM_141,SRM,141,0.91,-0.017209029342501056,200,1000,0.6,0.8,0.4,6
SRM_142,SRM,142,0.9545454545454546,-0.010603096519179721,132,1500,0.6,0.8,0.4,6
SRM_144,SRM,144,0.015,-0.31435945003923216,200,20,0.6,0.8,0.8,8
SRM_145,SRM,145,0.075,-0.13516592061749585,200,40,0.6,0.8,0.8,8
SRM_146,SRM,146,0.145,-0.0820193312667602,200,60,0.6,0.8,0.8,8
SRM_147,SRM,147,0.245,-0.06059083007416146,200,100,0.6,0.8,0.8,8
SRM_148,SRM,148,0.475,-0.027291058860564,200,160,0.6,0.8,0.8,8
SRM_149,SRM,149,0.565,-0.0220153695587018,200,200,0.6,0.8,0.8,8
SRM_150,SRM,150,0.725,-0.025282930964825368,200,300,0.6,0.8,0.8,8
SRM_151,SRM,151,0.855,-0.007483402183159866,200,420,0.6,0.8,0.8,8
SRM_152,SRM,152,0.93,-0.011601385085770978,200,560,0.6,0.8,0.8,8
SRM_153,SRM,153,0.98,0.003178190748259609,200,700,0.6,0.8,0.8,8
SRM_154,SRM,154,0.95,-0.00441425640655595,200,1000,0.6,0.8,0.8,8
SRM_53,SRM,53,0.02,-0.6244444312570268,200,20,0.43,0.6,0.4,1
SRM_54,SRM,54,0.02,-0.2411055049410683,200,40,0.43,0.6,0.4,1
SRM_55,SRM,55,0.055,-0.20522976892875086,200,60,0.43,0.6,0.4,1
SRM_56,SRM,56,0.085,-0.1105686868245109,200,100,0.43,0.6,0.4,1
SRM_57,SRM,57,0.19,-0.09436220749936859,200,160,0.43,0.6,0.4,1
SRM_58,SRM,58,0.255,-0.05673922648661759,200,200,0.43,0.6,0.4,1
SRM_59,SRM,59,0.32,-0.03828930696780236,200,300,0.43,0.6,0.4,1
SRM_60,SRM,60,0.45,-0.024977192775516122,200,420,0.43,0.6,0.4,1
SRM_61,SRM,61,0.58,-0.01833275940316331,200,560,0.43,0.6,0.4,1
SRM_62,SRM,62,0.6,-0.02954839682773255,200,700,0.43,0.6,0.4,1
SRM_63,SRM,63,0.8,-0.016302032335555404,200,1000,0.43,0.6,0.4,1
SRM_64,SRM,64,0.905,-0.010954948484867076,200,1500,0.43,0.6,0.4,1
SRM_66,SRM,66,0.04,-0.2984416312376296,200,20,0.43,0.6,0.8,3
SRM_67,SRM,67,0.11,-0.14315964071508477,200,40,0.43,0.6,0.8,3
SRM_68,SRM,68,0.12,-0.07253532202152703,200,60,0.43,0.6,0.8,3
SRM_69,SRM,69,0.2,-0.0517316404945782,200,100,0.43,0.6,0.8,3
SRM_70,SRM,70,0.34,-0.024080955017861155,200,160,0.43,0.6,0.8,3
SRM_71,SRM,71,0.42,-0.020846751841415285,200,200,0.43,0.6,0.8,3
SRM_72,SRM,72,0.535,-0.023073117559802826,200,300,0.43,0.6,0.8,3
SRM_73,SRM,73,0.735,-0.011932453733524286,200,420,0.43,0.6,0.8,3
SRM_74,SRM,74,0.805,-0.008036956939019478,200,560,0.43,0.6,0.8,3
SRM_75,SRM,75,0.88,-0.005906285696978656,200,700,0.43,0.6,0.8,3
SRM_76,SRM,76,0.96,-0.0053679190068661896,200,1000,0.43,0.6,0.8,3
SRM_77,SRM,77,0.975,-0.0057966893559691,200,1500,0.43,0.6,0.8,3
SRM_79,SRM,79,0,-0.9569480346012779,200,20,0.43,0.8,0.4,2
SRM_80,SRM,80,0,-0.46918448931034473,200,40,0.43,0.8,0.4,2
SRM_81,SRM,81,0.025,-0.31746493987020646,200,60,0.43,0.8,0.4,2
SRM_82,SRM,82,0.06,-0.21094943962941498,200,100,0.43,0.8,0.4,2
SRM_83,SRM,83,0.095,-0.15734390925033268,200,160,0.43,0.8,0.4,2
SRM_84,SRM,84,0.105,-0.11146929573979614,200,200,0.43,0.8,0.4,2
SRM_85,SRM,85,0.24,-0.0738509367437899,200,300,0.43,0.8,0.4,2
SRM_86,SRM,86,0.335,-0.06429544646444259,200,420,0.43,0.8,0.4,2
SRM_87,SRM,87,0.575,-0.03880941171574399,200,560,0.43,0.8,0.4,2
SRM_88,SRM,88,0.64,-0.027068033833266874,200,700,0.43,0.8,0.4,2
SRM_89,SRM,89,0.8,-0.009978333838445706,200,1000,0.43,0.8,0.4,2
SRM_90,SRM,90,0.895,-0.01584450274651092,200,1500,0.43,0.8,0.4,2
SRM_92,SRM,92,0.01,-0.5521277596590982,200,20,0.43,0.8,0.8,4
SRM_93,SRM,93,0.06,-0.2456709946062995,200,40,0.43,0.8,0.8,4
SRM_94,SRM,94,0.07,-0.1399233104498984,200,60,0.43,0.8,0.8,4
SRM_95,SRM,95,0.155,-0.10423506565619194,200,100,0.43,0.8,0.8,4
SRM_96,SRM,96,0.235,-0.06693101339078368,200,160,0.43,0.8,0.8,4
SRM_97,SRM,97,0.33,-0.05149883597196365,200,200,0.43,0.8,0.8,4
SRM_98,SRM,98,0.5,-0.03680171766380027,200,300,0.43,0.8,0.8,4
SRM_99,SRM,99,0.71,-0.018022709707501812,200,420,0.43,0.8,0.8,4
UGM_100,UGM,100,0.77,-0.019140098619443283,200,560,0.43,0.8,0.8,4
UGM_101,UGM,101,0.88,-0.011697933091838556,200,700,0.43,0.8,0.8,4
UGM_102,UGM,102,0.94,-0.008702209604732107,200,1000,0.43,0.8,0.8,4
UGM_103,UGM,103,0.955,-0.005995032786610917,200,1500,0.43,0.8,0.8,4
UGM_105,UGM,105,0.035,-0.39146722254663335,200,20,0.6,0.6,0.4,5
UGM_106,UGM,106,0.025,-0.2604194678411106,200,40,0.6,0.6,0.4,5
UGM_107,UGM,107,0.055,-0.19276552161335975,200,60,0.6,0.6,0.4,5
UGM_108,UGM,108,0.135,-0.15609774496801232,200,100,0.6,0.6,0.4,5
UGM_109,UGM,109,0.225,-0.12360667818969731,200,160,0.6,0.6,0.4,5
UGM_110,UGM,110,0.21,-0.12277350710346169,200,200,0.6,0.6,0.4,5
UGM_111,UGM,111,0.35,-0.08920013812978182,200,300,0.6,0.6,0.4,5
UGM_112,UGM,112,0.495,-0.052404455887333966,200,420,0.6,0.6,0.4,5
UGM_113,UGM,113,0.675,-0.042669808199213836,200,560,0.6,0.6,0.4,5
UGM_114,UGM,114,0.79,-0.025442860805825893,200,700,0.6,0.6,0.4,5
UGM_115,UGM,115,0.905,-0.011399462192205974,200,1000,0.6,0.6,0.4,5
UGM_116,UGM,116,0.97,-0.006835048311187874,200,1500,0.6,0.6,0.4,5
UGM_118,UGM,118,0.055,-0.1448462688484647,200,20,0.6,0.6,0.8,7
UGM_119,UGM,119,0.135,-0.0829460967091298,200,40,0.6,0.6,0.8,7
UGM_120,UGM,120,0.235,-0.03228018660082288,200,60,0.6,0.6,0.8,7
UGM_121,UGM,121,0.375,-0.02409310743894408,200,100,0.6,0.6,0.8,7
UGM_122,UGM,122,0.56,-0.013590454676189625,200,160,0.6,0.6,0.8,7
UGM_123,UGM,123,0.595,-0.026540939695166528,200,200,0.6,0.6,0.8,7
UGM_124,UGM,124,0.755,-0.011282795916074716,200,300,0.6,0.6,0.8,7
UGM_125,UGM,125,0.88,-0.00738785490862568,200,420,0.6,0.6,0.8,7
UGM_126,UGM,126,0.97,0.004002639407497863,200,560,0.6,0.6,0.8,7
UGM_127,UGM,127,0.945,-0.004987795206316553,200,700,0.6,0.6,0.8,7
UGM_128,UGM,128,0.975,-0.0037401684103626274,200,1000,0.6,0.6,0.8,7
UGM_129,UGM,129,0.98,-0.0017706404617628152,200,1500,0.6,0.6,0.8,7
UGM_131,UGM,131,0.015,-0.6905109209855405,200,20,0.6,0.8,0.4,6
UGM_132,UGM,132,0.015,-0.35391919592145366,200,40,0.6,0.8,0.4,6
UGM_133,UGM,133,0.045,-0.23441651277912398,200,60,0.6,0.8,0.4,6
UGM_134,UGM,134,0.075,-0.1649350040735532,200,100,0.6,0.8,0.4,6
UGM_135,UGM,135,0.13,-0.10908668848766469,200,160,0.6,0.8,0.4,6
UGM_136,UGM,136,0.21,-0.09367939097247385,200,200,0.6,0.8,0.4,6
UGM_137,UGM,137,0.345,-0.06273499863060063,200,300,0.6,0.8,0.4,6
UGM_138,UGM,138,0.62,-0.03869148889573265,200,420,0.6,0.8,0.4,6
UGM_139,UGM,139,0.765,-0.019801987011724795,200,560,0.6,0.8,0.4,6
UGM_140,UGM,140,0.815,-0.021758063073754018,200,700,0.6,0.8,0.4,6
UGM_141,UGM,141,0.93,-0.009455629324833433,200,1000,0.6,0.8,0.4,6
UGM_142,UGM,142,0.9691358024691358,-0.010663879571838581,162,1500,0.6,0.8,0.4,6
UGM_144,UGM,144,0.04,-0.26587929556647255,200,20,0.6,0.8,0.8,8
UGM_145,UGM,145,0.095,-0.1382660546011755,200,40,0.6,0.8,0.8,8
UGM_146,UGM,146,0.125,-0.08610646022271574,200,60,0.6,0.8,0.8,8
UGM_147,UGM,147,0.275,-0.051228501820052605,200,100,0.6,0.8,0.8,8
UGM_148,UGM,148,0.49,-0.01592897621527482,200,160,0.6,0.8,0.8,8
UGM_149,UGM,149,0.565,-0.026305170576045256,200,200,0.6,0.8,0.8,8
UGM_150,UGM,150,0.76,-0.016769677039397857,200,300,0.6,0.8,0.8,8
UGM_151,UGM,151,0.915,-0.0088479765256226,200,420,0.6,0.8,0.8,8
UGM_152,UGM,152,0.92,-0.010000093818758209,200,560,0.6,0.8,0.8,8
UGM_153,UGM,153,0.97,-0.007465705344550674,200,700,0.6,0.8,0.8,8
UGM_154,UGM,154,0.955,-0.004306523100805669,200,1000,0.6,0.8,0.8,8
UGM_53,UGM,53,0.015,-0.832247727712991,200,20,0.43,0.6,0.4,1
UGM_54,UGM,54,0.055,-0.26622725749741855,200,40,0.43,0.6,0.4,1
UGM_55,UGM,55,0.03,-0.19600524913051856,200,60,0.43,0.6,0.4,1
UGM_56,UGM,56,0.09,-0.1225438495757454,200,100,0.43,0.6,0.4,1
UGM_57,UGM,57,0.205,-0.0841421414093114,200,160,0.43,0.6,0.4,1
UGM_58,UGM,58,0.25,-0.0500157772359863,200,200,0.43,0.6,0.4,1
UGM_59,UGM,59,0.29,-0.03652210528550102,200,300,0.43,0.6,0.4,1
UGM_60,UGM,60,0.425,-0.023239829019723265,200,420,0.43,0.6,0.4,1
UGM_61,UGM,61,0.565,-0.0202565162909565,200,560,0.43,0.6,0.4,1
UGM_62,UGM,62,0.695,-0.01218886817100497,200,700,0.43,0.6,0.4,1
UGM_63,UGM,63,0.87,-0.0024902548751551488,200,1000,0.43,0.6,0.4,1
UGM_64,UGM,64,0.885,-5.242804532177451e-4,200,1500,0.43,0.6,0.4,1
UGM_66,UGM,66,0.07,-0.23610624567932625,200,20,0.43,0.6,0.8,3
UGM_67,UGM,67,0.05,-0.18889477928406853,200,40,0.43,0.6,0.8,3
UGM_68,UGM,68,0.1,-0.10178616091461506,200,60,0.43,0.6,0.8,3
UGM_69,UGM,69,0.22,-0.0615648526298877,200,100,0.43,0.6,0.8,3
UGM_70,UGM,70,0.3,-0.03905135118744393,200,160,0.43,0.6,0.8,3
UGM_71,UGM,71,0.375,-0.02605300841391822,200,200,0.43,0.6,0.8,3
UGM_72,UGM,72,0.565,-0.021880536471082023,200,300,0.43,0.6,0.8,3
UGM_73,UGM,73,0.78,-0.00413724473534931,200,420,0.43,0.6,0.8,3
UGM_74,UGM,74,0.81,-0.011080908539285096,200,560,0.43,0.6,0.8,3
UGM_75,UGM,75,0.885,-0.005587744466978532,200,700,0.43,0.6,0.8,3
UGM_76,UGM,76,0.94,-0.005944635607147727,200,1000,0.43,0.6,0.8,3
UGM_77,UGM,77,0.965,-0.0034123578562039263,200,1500,0.43,0.6,0.8,3
UGM_79,UGM,79,0,-1.0478029324781086,200,20,0.43,0.8,0.4,2
UGM_80,UGM,80,0.015,-0.5334435657842147,200,40,0.43,0.8,0.4,2
UGM_81,UGM,81,0.03,-0.3281730967177352,200,60,0.43,0.8,0.4,2
UGM_82,UGM,82,0.045,-0.23397087972927405,200,100,0.43,0.8,0.4,2
UGM_83,UGM,83,0.1,-0.11110383922757117,200,160,0.43,0.8,0.4,2
UGM_84,UGM,84,0.135,-0.11242300817692664,200,200,0.43,0.8,0.4,2
UGM_85,UGM,85,0.26,-0.06555818816412966,200,300,0.43,0.8,0.4,2
UGM_86,UGM,86,0.39,-0.05747702908299698,200,420,0.43,0.8,0.4,2
UGM_87,UGM,87,0.525,-0.040206570750779665,200,560,0.43,0.8,0.4,2
UGM_88,UGM,88,0.645,-0.02361066721997377,200,700,0.43,0.8,0.4,2
UGM_89,UGM,89,0.81,-0.015572818333368535,200,1000,0.43,0.8,0.4,2
UGM_90,UGM,90,0.895,-0.015631402784378093,200,1500,0.43,0.8,0.4,2
UGM_92,UGM,92,0.005,-0.5612605908966714,200,20,0.43,0.8,0.8,4
UGM_93,UGM,93,0.03,-0.2519959189199609,200,40,0.43,0.8,0.8,4
UGM_94,UGM,94,0.06,-0.17547572196591757,200,60,0.43,0.8,0.8,4
UGM_95,UGM,95,0.16,-0.07751101065351733,200,100,0.43,0.8,0.8,4
UGM_96,UGM,96,0.29,-0.06189480070232949,200,160,0.43,0.8,0.8,4
UGM_97,UGM,97,0.35,-0.04791050300135249,200,200,0.43,0.8,0.8,4
UGM_98,UGM,98,0.505,-0.040770638527592065,200,300,0.43,0.8,0.8,4
UGM_99,UGM,99,0.675,-0.01633861909571308,200,420,0.43,0.8,0.8,4
