high_name,emu,sim_num,ci_two_tail,rep_count,total_n,psi,phi,p,line_id
BRE_100,BRE,100,0.93,200,992,0.6,0.6,0.8,7
BRE_101,BRE,101,0.09,200,13,0.6,0.8,0.4,6
BRE_102,BRE,102,0.055,200,21,0.6,0.8,0.4,6
BRE_103,BRE,103,0.14,200,36,0.6,0.8,0.4,6
BRE_104,BRE,104,0.205,200,60,0.6,0.8,0.4,6
BRE_105,BRE,105,0.325,200,99,0.6,0.8,0.4,6
BRE_106,BRE,106,0.515,200,163,0.6,0.8,0.4,6
BRE_107,BRE,107,0.64,200,267,0.6,0.8,0.4,6
BRE_108,BRE,108,0.785,200,440,0.6,0.8,0.4,6
BRE_109,BRE,109,0.92,200,727,0.6,0.8,0.4,6
BRE_110,BRE,110,0.955,200,992,0.6,0.8,0.4,6
BRE_111,BRE,111,0.12,200,13,0.6,0.8,0.8,8
BRE_112,BRE,112,0.225,200,21,0.6,0.8,0.8,8
BRE_113,BRE,113,0.24,200,36,0.6,0.8,0.8,8
BRE_114,BRE,114,0.295,200,60,0.6,0.8,0.8,8
BRE_115,BRE,115,0.485,200,99,0.6,0.8,0.8,8
BRE_116,BRE,116,0.695,200,163,0.6,0.8,0.8,8
BRE_117,BRE,117,0.78,200,267,0.6,0.8,0.8,8
BRE_118,BRE,118,0.91,200,440,0.6,0.8,0.8,8
BRE_119,BRE,119,0.95,200,727,0.6,0.8,0.8,8
BRE_120,BRE,120,0.98,200,992,0.6,0.8,0.8,8
BRE_41,BRE,41,0.045,200,13,0.43,0.6,0.4,1
BRE_42,BRE,42,0.03,200,21,0.43,0.6,0.4,1
BRE_43,BRE,43,0.06,200,36,0.43,0.6,0.4,1
BRE_44,BRE,44,0.105,200,60,0.43,0.6,0.4,1
BRE_45,BRE,45,0.195,200,99,0.43,0.6,0.4,1
BRE_46,BRE,46,0.28,200,163,0.43,0.6,0.4,1
BRE_47,BRE,47,0.435,200,267,0.43,0.6,0.4,1
BRE_48,BRE,48,0.68,200,440,0.43,0.6,0.4,1
BRE_49,BRE,49,0.875,200,727,0.43,0.6,0.4,1
BRE_50,BRE,50,0.93,200,992,0.43,0.6,0.4,1
BRE_51,BRE,51,0.09,200,13,0.43,0.6,0.8,3
BRE_52,BRE,52,0.1,200,21,0.43,0.6,0.8,3
BRE_53,BRE,53,0.1,200,36,0.43,0.6,0.8,3
BRE_54,BRE,54,0.195,200,60,0.43,0.6,0.8,3
BRE_55,BRE,55,0.325,200,99,0.43,0.6,0.8,3
BRE_56,BRE,56,0.495,200,163,0.43,0.6,0.8,3
BRE_57,BRE,57,0.72,200,267,0.43,0.6,0.8,3
BRE_58,BRE,58,0.895,200,440,0.43,0.6,0.8,3
BRE_59,BRE,59,0.955,200,727,0.43,0.6,0.8,3
BRE_60,BRE,60,0.96,200,992,0.43,0.6,0.8,3
BRE_61,BRE,61,0.085,200,13,0.43,0.8,0.4,2
BRE_62,BRE,62,0.045,200,21,0.43,0.8,0.4,2
BRE_63,BRE,63,0.08,200,36,0.43,0.8,0.4,2
BRE_64,BRE,64,0.155,200,60,0.43,0.8,0.4,2
BRE_65,BRE,65,0.26,200,99,0.43,0.8,0.4,2
BRE_66,BRE,66,0.27,200,163,0.43,0.8,0.4,2
BRE_67,BRE,67,0.41,200,267,0.43,0.8,0.4,2
BRE_68,BRE,68,0.645,200,440,0.43,0.8,0.4,2
BRE_69,BRE,69,0.76,200,727,0.43,0.8,0.4,2
BRE_70,BRE,70,0.905,200,992,0.43,0.8,0.4,2
BRE_71,BRE,71,0.115,200,13,0.43,0.8,0.8,4
BRE_72,BRE,72,0.155,200,21,0.43,0.8,0.8,4
BRE_73,BRE,73,0.185,200,36,0.43,0.8,0.8,4
BRE_74,BRE,74,0.235,200,60,0.43,0.8,0.8,4
BRE_75,BRE,75,0.27,200,99,0.43,0.8,0.8,4
BRE_76,BRE,76,0.43,200,163,0.43,0.8,0.8,4
BRE_77,BRE,77,0.705,200,267,0.43,0.8,0.8,4
BRE_78,BRE,78,0.795,200,440,0.43,0.8,0.8,4
BRE_79,BRE,79,0.935,200,727,0.43,0.8,0.8,4
BRE_80,BRE,80,0.97,200,992,0.43,0.8,0.8,4
BRE_81,BRE,81,0.03,200,13,0.6,0.6,0.4,5
BRE_82,BRE,82,0.055,200,21,0.6,0.6,0.4,5
BRE_83,BRE,83,0.095,200,36,0.6,0.6,0.4,5
BRE_84,BRE,84,0.205,200,60,0.6,0.6,0.4,5
BRE_85,BRE,85,0.29,200,99,0.6,0.6,0.4,5
BRE_86,BRE,86,0.48,200,163,0.6,0.6,0.4,5
BRE_87,BRE,87,0.655,200,267,0.6,0.6,0.4,5
BRE_88,BRE,88,0.845,200,440,0.6,0.6,0.4,5
BRE_89,BRE,89,0.93,200,727,0.6,0.6,0.4,5
BRE_90,BRE,90,0.92,200,992,0.6,0.6,0.4,5
BRE_91,BRE,91,0.055,200,13,0.6,0.6,0.8,7
BRE_92,BRE,92,0.105,200,21,0.6,0.6,0.8,7
BRE_93,BRE,93,0.185,200,36,0.6,0.6,0.8,7
BRE_94,BRE,94,0.345,200,60,0.6,0.6,0.8,7
BRE_95,BRE,95,0.545,200,99,0.6,0.6,0.8,7
BRE_96,BRE,96,0.785,200,163,0.6,0.6,0.8,7
BRE_97,BRE,97,0.895,200,267,0.6,0.6,0.8,7
BRE_98,BRE,98,0.955,200,440,0.6,0.6,0.8,7
BRE_99,BRE,99,0.945,200,727,0.6,0.6,0.8,7
BRW_100,BRW,100,0.105,200,13,0.6,0.8,0.8,8
BRW_101,BRW,101,0.18,200,21,0.6,0.8,0.8,8
BRW_102,BRW,102,0.205,200,36,0.6,0.8,0.8,8
BRW_103,BRW,103,0.32,200,60,0.6,0.8,0.8,8
BRW_104,BRW,104,0.59,200,99,0.6,0.8,0.8,8
BRW_105,BRW,105,0.675,200,163,0.6,0.8,0.8,8
BRW_106,BRW,106,0.85,200,267,0.6,0.8,0.8,8
BRW_107,BRW,107,0.945,200,440,0.6,0.8,0.8,8
BRW_108,BRW,108,0.965,200,493,0.6,0.8,0.8,8
BRW_37,BRW,37,0.035,200,13,0.43,0.6,0.4,1
BRW_38,BRW,38,0.035,200,21,0.43,0.6,0.4,1
BRW_39,BRW,39,0.07,200,36,0.43,0.6,0.4,1
BRW_40,BRW,40,0.115,200,60,0.43,0.6,0.4,1
BRW_41,BRW,41,0.2,200,99,0.43,0.6,0.4,1
BRW_42,BRW,42,0.27,200,163,0.43,0.6,0.4,1
BRW_43,BRW,43,0.395,200,267,0.43,0.6,0.4,1
BRW_44,BRW,44,0.59,200,440,0.43,0.6,0.4,1
BRW_45,BRW,45,0.72,200,493,0.43,0.6,0.4,1
BRW_46,BRW,46,0.04,200,13,0.43,0.6,0.8,3
BRW_47,BRW,47,0.08,200,21,0.43,0.6,0.8,3
BRW_48,BRW,48,0.1,200,36,0.43,0.6,0.8,3
BRW_49,BRW,49,0.21,200,60,0.43,0.6,0.8,3
BRW_50,BRW,50,0.295,200,99,0.43,0.6,0.8,3
BRW_51,BRW,51,0.45,200,163,0.43,0.6,0.8,3
BRW_52,BRW,52,0.64,200,267,0.43,0.6,0.8,3
BRW_53,BRW,53,0.885,200,440,0.43,0.6,0.8,3
BRW_54,BRW,54,0.89,200,493,0.43,0.6,0.8,3
BRW_55,BRW,55,0.065,200,13,0.43,0.8,0.4,2
BRW_56,BRW,56,0.065,200,21,0.43,0.8,0.4,2
BRW_57,BRW,57,0.16,200,36,0.43,0.8,0.4,2
BRW_58,BRW,58,0.175,200,60,0.43,0.8,0.4,2
BRW_59,BRW,59,0.255,200,99,0.43,0.8,0.4,2
BRW_60,BRW,60,0.3,200,163,0.43,0.8,0.4,2
BRW_61,BRW,61,0.4,200,267,0.43,0.8,0.4,2
BRW_62,BRW,62,0.63,200,440,0.43,0.8,0.4,2
BRW_63,BRW,63,0.68,200,493,0.43,0.8,0.4,2
BRW_64,BRW,64,0.1,200,13,0.43,0.8,0.8,4
BRW_65,BRW,65,0.09,200,21,0.43,0.8,0.8,4
BRW_66,BRW,66,0.175,200,36,0.43,0.8,0.8,4
BRW_67,BRW,67,0.235,200,60,0.43,0.8,0.8,4
BRW_68,BRW,68,0.285,200,99,0.43,0.8,0.8,4
BRW_69,BRW,69,0.505,200,163,0.43,0.8,0.8,4
BRW_70,BRW,70,0.66,200,267,0.43,0.8,0.8,4
BRW_71,BRW,71,0.815,200,440,0.43,0.8,0.8,4
BRW_72,BRW,72,0.895,200,493,0.43,0.8,0.8,4
BRW_73,BRW,73,0.025,200,13,0.6,0.6,0.4,5
BRW_74,BRW,74,0.04,200,21,0.6,0.6,0.4,5
BRW_75,BRW,75,0.065,200,36,0.6,0.6,0.4,5
BRW_76,BRW,76,0.165,200,60,0.6,0.6,0.4,5
BRW_77,BRW,77,0.33,200,99,0.6,0.6,0.4,5
BRW_78,BRW,78,0.445,200,163,0.6,0.6,0.4,5
BRW_79,BRW,79,0.625,200,267,0.6,0.6,0.4,5
BRW_80,BRW,80,0.805,200,440,0.6,0.6,0.4,5
BRW_81,BRW,81,0.88,200,493,0.6,0.6,0.4,5
BRW_82,BRW,82,0.06,200,13,0.6,0.6,0.8,7
BRW_83,BRW,83,0.095,200,21,0.6,0.6,0.8,7
BRW_84,BRW,84,0.245,200,36,0.6,0.6,0.8,7
BRW_85,BRW,85,0.39,200,60,0.6,0.6,0.8,7
BRW_86,BRW,86,0.55,200,99,0.6,0.6,0.8,7
BRW_87,BRW,87,0.73,200,163,0.6,0.6,0.8,7
BRW_88,BRW,88,0.895,200,267,0.6,0.6,0.8,7
BRW_89,BRW,89,0.955,200,440,0.6,0.6,0.8,7
BRW_90,BRW,90,0.945,200,493,0.6,0.6,0.8,7
BRW_91,BRW,91,0.09,200,13,0.6,0.8,0.4,6
BRW_92,BRW,92,0.08,200,21,0.6,0.8,0.4,6
BRW_93,BRW,93,0.13,200,36,0.6,0.8,0.4,6
BRW_94,BRW,94,0.19,200,60,0.6,0.8,0.4,6
BRW_95,BRW,95,0.29,200,99,0.6,0.8,0.4,6
BRW_96,BRW,96,0.375,200,163,0.6,0.8,0.4,6
BRW_97,BRW,97,0.615,200,267,0.6,0.8,0.4,6
BRW_98,BRW,98,0.875,200,440,0.6,0.8,0.4,6
BRW_99,BRW,99,0.835,200,493,0.6,0.8,0.4,6
CP_100,CP,100,0.1,200,13,0.6,0.6,0.8,7
CP_101,CP,101,0.13,200,21,0.6,0.6,0.8,7
CP_102,CP,102,0.195,200,36,0.6,0.6,0.8,7
CP_103,CP,103,0.305,200,60,0.6,0.6,0.8,7
CP_104,CP,104,0.55,200,99,0.6,0.6,0.8,7
CP_105,CP,105,0.735,200,163,0.6,0.6,0.8,7
CP_106,CP,106,0.92,200,267,0.6,0.6,0.8,7
CP_107,CP,107,0.96,200,440,0.6,0.6,0.8,7
CP_108,CP,108,0.915,200,727,0.6,0.6,0.8,7
CP_109,CP,109,0.905,200,1197,0.6,0.6,0.8,7
CP_110,CP,110,0.83,200,1973,0.6,0.6,0.8,7
CP_111,CP,111,0.04,200,13,0.6,0.8,0.4,6
CP_112,CP,112,0.095,200,21,0.6,0.8,0.4,6
CP_113,CP,113,0.12,200,36,0.6,0.8,0.4,6
CP_114,CP,114,0.2,200,60,0.6,0.8,0.4,6
CP_115,CP,115,0.28,200,99,0.6,0.8,0.4,6
CP_116,CP,116,0.475,200,163,0.6,0.8,0.4,6
CP_117,CP,117,0.595,200,267,0.6,0.8,0.4,6
CP_118,CP,118,0.805,200,440,0.6,0.8,0.4,6
CP_119,CP,119,0.925,200,727,0.6,0.8,0.4,6
CP_120,CP,120,0.955,200,1197,0.6,0.8,0.4,6
CP_121,CP,121,0.96,200,1973,0.6,0.8,0.4,6
CP_122,CP,122,0.105,200,13,0.6,0.8,0.8,8
CP_123,CP,123,0.165,200,21,0.6,0.8,0.8,8
CP_124,CP,124,0.215,200,36,0.6,0.8,0.8,8
CP_125,CP,125,0.405,200,60,0.6,0.8,0.8,8
CP_126,CP,126,0.485,200,99,0.6,0.8,0.8,8
CP_127,CP,127,0.625,200,163,0.6,0.8,0.8,8
CP_128,CP,128,0.835,200,267,0.6,0.8,0.8,8
CP_129,CP,129,0.93,200,440,0.6,0.8,0.8,8
CP_130,CP,130,0.92,200,727,0.6,0.8,0.8,8
CP_131,CP,131,0.955,200,1197,0.6,0.8,0.8,8
CP_132,CP,132,0.89,200,1973,0.6,0.8,0.8,8
CP_45,CP,45,0.04,200,13,0.43,0.6,0.4,1
CP_46,CP,46,0.045,200,21,0.43,0.6,0.4,1
CP_47,CP,47,0.06,200,36,0.43,0.6,0.4,1
CP_48,CP,48,0.125,200,60,0.43,0.6,0.4,1
CP_49,CP,49,0.19,200,99,0.43,0.6,0.4,1
CP_50,CP,50,0.29,200,163,0.43,0.6,0.4,1
CP_51,CP,51,0.425,200,267,0.43,0.6,0.4,1
CP_52,CP,52,0.625,200,440,0.43,0.6,0.4,1
CP_53,CP,53,0.79,200,727,0.43,0.6,0.4,1
CP_54,CP,54,0.92,200,1197,0.43,0.6,0.4,1
CP_55,CP,55,0.965,200,1973,0.43,0.6,0.4,1
CP_56,CP,56,0.09,200,13,0.43,0.6,0.8,3
CP_57,CP,57,0.085,200,21,0.43,0.6,0.8,3
CP_58,CP,58,0.13,200,36,0.43,0.6,0.8,3
CP_59,CP,59,0.2,200,60,0.43,0.6,0.8,3
CP_60,CP,60,0.32,200,99,0.43,0.6,0.8,3
CP_61,CP,61,0.5,200,163,0.43,0.6,0.8,3
CP_62,CP,62,0.675,200,267,0.43,0.6,0.8,3
CP_63,CP,63,0.865,200,440,0.43,0.6,0.8,3
CP_64,CP,64,0.93,200,727,0.43,0.6,0.8,3
CP_65,CP,65,0.955,200,1197,0.43,0.6,0.8,3
CP_66,CP,66,0.945,200,1973,0.43,0.6,0.8,3
CP_67,CP,67,0.04,200,13,0.43,0.8,0.4,2
CP_68,CP,68,0.085,200,21,0.43,0.8,0.4,2
CP_69,CP,69,0.135,200,36,0.43,0.8,0.4,2
CP_70,CP,70,0.175,200,60,0.43,0.8,0.4,2
CP_71,CP,71,0.24,200,99,0.43,0.8,0.4,2
CP_72,CP,72,0.3,200,163,0.43,0.8,0.4,2
CP_73,CP,73,0.405,200,267,0.43,0.8,0.4,2
CP_74,CP,74,0.635,200,440,0.43,0.8,0.4,2
CP_75,CP,75,0.765,200,727,0.43,0.8,0.4,2
CP_76,CP,76,0.915,200,1197,0.43,0.8,0.4,2
CP_77,CP,77,0.985,200,1973,0.43,0.8,0.4,2
CP_78,CP,78,0.05,200,13,0.43,0.8,0.8,4
CP_79,CP,79,0.13,200,21,0.43,0.8,0.8,4
CP_80,CP,80,0.19,200,36,0.43,0.8,0.8,4
CP_81,CP,81,0.245,200,60,0.43,0.8,0.8,4
CP_82,CP,82,0.28,200,99,0.43,0.8,0.8,4
CP_83,CP,83,0.49,200,163,0.43,0.8,0.8,4
CP_84,CP,84,0.675,200,267,0.43,0.8,0.8,4
CP_85,CP,85,0.78,200,440,0.43,0.8,0.8,4
CP_86,CP,86,0.915,200,727,0.43,0.8,0.8,4
CP_87,CP,87,0.935,200,1197,0.43,0.8,0.8,4
CP_88,CP,88,0.985,200,1973,0.43,0.8,0.8,4
CP_89,CP,89,0.045,200,13,0.6,0.6,0.4,5
CP_90,CP,90,0.07,200,21,0.6,0.6,0.4,5
CP_91,CP,91,0.105,200,36,0.6,0.6,0.4,5
CP_92,CP,92,0.16,200,60,0.6,0.6,0.4,5
CP_93,CP,93,0.305,200,99,0.6,0.6,0.4,5
CP_94,CP,94,0.485,200,163,0.6,0.6,0.4,5
CP_95,CP,95,0.69,200,267,0.6,0.6,0.4,5
CP_96,CP,96,0.845,200,440,0.6,0.6,0.4,5
CP_97,CP,97,0.85,200,727,0.6,0.6,0.4,5
CP_98,CP,98,0.895,200,1197,0.6,0.6,0.4,5
CP_99,CP,99,0.85,200,1973,0.6,0.6,0.4,5
SRM_100,SRM,100,0.085,200,13,0.6,0.6,0.8,7
SRM_101,SRM,101,0.105,200,21,0.6,0.6,0.8,7
SRM_102,SRM,102,0.22,200,36,0.6,0.6,0.8,7
SRM_103,SRM,103,0.38,200,60,0.6,0.6,0.8,7
SRM_104,SRM,104,0.505,200,99,0.6,0.6,0.8,7
SRM_105,SRM,105,0.8,200,163,0.6,0.6,0.8,7
SRM_106,SRM,106,0.915,200,267,0.6,0.6,0.8,7
SRM_107,SRM,107,0.97,200,440,0.6,0.6,0.8,7
SRM_108,SRM,108,0.92,200,727,0.6,0.6,0.8,7
SRM_109,SRM,109,0.9,200,1197,0.6,0.6,0.8,7
SRM_110,SRM,110,0.845,200,1973,0.6,0.6,0.8,7
SRM_111,SRM,111,0.095,200,13,0.6,0.8,0.4,6
SRM_112,SRM,112,0.1,200,21,0.6,0.8,0.4,6
SRM_113,SRM,113,0.16,200,36,0.6,0.8,0.4,6
SRM_114,SRM,114,0.16,200,60,0.6,0.8,0.4,6
SRM_115,SRM,115,0.35,200,99,0.6,0.8,0.4,6
SRM_116,SRM,116,0.385,200,163,0.6,0.8,0.4,6
SRM_117,SRM,117,0.605,200,267,0.6,0.8,0.4,6
SRM_118,SRM,118,0.77,200,440,0.6,0.8,0.4,6
SRM_119,SRM,119,0.945,200,727,0.6,0.8,0.4,6
SRM_120,SRM,120,0.945,200,1197,0.6,0.8,0.4,6
SRM_121,SRM,121,0.94,200,1973,0.6,0.8,0.4,6
SRM_122,SRM,122,0.15,200,13,0.6,0.8,0.8,8
SRM_123,SRM,123,0.14,200,21,0.6,0.8,0.8,8
SRM_124,SRM,124,0.21,200,36,0.6,0.8,0.8,8
SRM_125,SRM,125,0.325,200,60,0.6,0.8,0.8,8
SRM_126,SRM,126,0.515,200,99,0.6,0.8,0.8,8
SRM_127,SRM,127,0.725,200,163,0.6,0.8,0.8,8
SRM_128,SRM,128,0.875,200,267,0.6,0.8,0.8,8
SRM_129,SRM,129,0.875,200,440,0.6,0.8,0.8,8
SRM_130,SRM,130,0.945,200,727,0.6,0.8,0.8,8
SRM_131,SRM,131,0.92,200,1197,0.6,0.8,0.8,8
SRM_132,SRM,132,0.865,200,1973,0.6,0.8,0.8,8
SRM_45,SRM,45,0.025,200,13,0.43,0.6,0.4,1
SRM_46,SRM,46,0.04,200,21,0.43,0.6,0.4,1
SRM_47,SRM,47,0.07,200,36,0.43,0.6,0.4,1
SRM_48,SRM,48,0.1,200,60,0.43,0.6,0.4,1
SRM_49,SRM,49,0.15,200,99,0.43,0.6,0.4,1
SRM_50,SRM,50,0.295,200,163,0.43,0.6,0.4,1
SRM_51,SRM,51,0.43,200,267,0.43,0.6,0.4,1
SRM_52,SRM,52,0.62,200,440,0.43,0.6,0.4,1
SRM_53,SRM,53,0.815,200,727,0.43,0.6,0.4,1
SRM_54,SRM,54,0.89,200,1197,0.43,0.6,0.4,1
SRM_55,SRM,55,0.915,200,1973,0.43,0.6,0.4,1
SRM_56,SRM,56,0.03,200,13,0.43,0.6,0.8,3
SRM_57,SRM,57,0.075,200,21,0.43,0.6,0.8,3
SRM_58,SRM,58,0.15,200,36,0.43,0.6,0.8,3
SRM_59,SRM,59,0.195,200,60,0.43,0.6,0.8,3
SRM_60,SRM,60,0.33,200,99,0.43,0.6,0.8,3
SRM_61,SRM,61,0.445,200,163,0.43,0.6,0.8,3
SRM_62,SRM,62,0.72,200,267,0.43,0.6,0.8,3
SRM_63,SRM,63,0.89,200,440,0.43,0.6,0.8,3
SRM_64,SRM,64,0.965,200,727,0.43,0.6,0.8,3
SRM_65,SRM,65,0.945,200,1197,0.43,0.6,0.8,3
SRM_66,SRM,66,0.95,200,1973,0.43,0.6,0.8,3
SRM_67,SRM,67,0.05,200,13,0.43,0.8,0.4,2
SRM_68,SRM,68,0.06,200,21,0.43,0.8,0.4,2
SRM_69,SRM,69,0.11,200,36,0.43,0.8,0.4,2
SRM_70,SRM,70,0.16,200,60,0.43,0.8,0.4,2
SRM_71,SRM,71,0.25,200,99,0.43,0.8,0.4,2
SRM_72,SRM,72,0.3,200,163,0.43,0.8,0.4,2
SRM_73,SRM,73,0.425,200,267,0.43,0.8,0.4,2
SRM_74,SRM,74,0.585,200,440,0.43,0.8,0.4,2
SRM_75,SRM,75,0.795,200,727,0.43,0.8,0.4,2
SRM_76,SRM,76,0.915,200,1197,0.43,0.8,0.4,2
SRM_77,SRM,77,0.95,200,1973,0.43,0.8,0.4,2
SRM_78,SRM,78,0.07,200,13,0.43,0.8,0.8,4
SRM_79,SRM,79,0.11,200,21,0.43,0.8,0.8,4
SRM_80,SRM,80,0.19,200,36,0.43,0.8,0.8,4
SRM_81,SRM,81,0.275,200,60,0.43,0.8,0.8,4
SRM_82,SRM,82,0.31,200,99,0.43,0.8,0.8,4
SRM_83,SRM,83,0.46,200,163,0.43,0.8,0.8,4
SRM_84,SRM,84,0.675,200,267,0.43,0.8,0.8,4
SRM_85,SRM,85,0.805,200,440,0.43,0.8,0.8,4
SRM_86,SRM,86,0.93,200,727,0.43,0.8,0.8,4
SRM_87,SRM,87,0.945,200,1197,0.43,0.8,0.8,4
SRM_88,SRM,88,0.98,200,1973,0.43,0.8,0.8,4
SRM_89,SRM,89,0.005,200,13,0.6,0.6,0.4,5
SRM_90,SRM,90,0.03,200,21,0.6,0.6,0.4,5
SRM_91,SRM,91,0.1,200,36,0.6,0.6,0.4,5
SRM_92,SRM,92,0.205,200,60,0.6,0.6,0.4,5
SRM_93,SRM,93,0.305,200,99,0.6,0.6,0.4,5
SRM_94,SRM,94,0.505,200,163,0.6,0.6,0.4,5
SRM_95,SRM,95,0.66,200,267,0.6,0.6,0.4,5
SRM_96,SRM,96,0.84,200,440,0.6,0.6,0.4,5
SRM_97,SRM,97,0.93,200,727,0.6,0.6,0.4,5
SRM_98,SRM,98,0.85,200,1197,0.6,0.6,0.4,5
SRM_99,SRM,99,0.875,200,1973,0.6,0.6,0.4,5
UGM_100,UGM,100,0.025,200,13,0.6,0.6,0.8,7
UGM_101,UGM,101,0.07,200,21,0.6,0.6,0.8,7
UGM_102,UGM,102,0.13,200,36,0.6,0.6,0.8,7
UGM_103,UGM,103,0.33,200,60,0.6,0.6,0.8,7
UGM_104,UGM,104,0.58,200,99,0.6,0.6,0.8,7
UGM_105,UGM,105,0.765,200,163,0.6,0.6,0.8,7
UGM_106,UGM,106,0.855,200,267,0.6,0.6,0.8,7
UGM_107,UGM,107,0.905,200,440,0.6,0.6,0.8,7
UGM_108,UGM,108,0.915,200,727,0.6,0.6,0.8,7
UGM_109,UGM,109,0.89,200,1197,0.6,0.6,0.8,7
UGM_110,UGM,110,0.88,200,1973,0.6,0.6,0.8,7
UGM_111,UGM,111,0.04,200,13,0.6,0.8,0.4,6
UGM_112,UGM,112,0.125,200,21,0.6,0.8,0.4,6
UGM_113,UGM,113,0.13,200,36,0.6,0.8,0.4,6
UGM_114,UGM,114,0.215,200,60,0.6,0.8,0.4,6
UGM_115,UGM,115,0.31,200,99,0.6,0.8,0.4,6
UGM_116,UGM,116,0.415,200,163,0.6,0.8,0.4,6
UGM_117,UGM,117,0.555,200,267,0.6,0.8,0.4,6
UGM_118,UGM,118,0.81,200,440,0.6,0.8,0.4,6
UGM_119,UGM,119,0.94,200,727,0.6,0.8,0.4,6
UGM_120,UGM,120,0.97,200,1197,0.6,0.8,0.4,6
UGM_121,UGM,121,0.955,200,1973,0.6,0.8,0.4,6
UGM_122,UGM,122,0.095,200,13,0.6,0.8,0.8,8
UGM_123,UGM,123,0.175,200,21,0.6,0.8,0.8,8
UGM_124,UGM,124,0.25,200,36,0.6,0.8,0.8,8
UGM_125,UGM,125,0.28,200,60,0.6,0.8,0.8,8
UGM_126,UGM,126,0.53,200,99,0.6,0.8,0.8,8
UGM_127,UGM,127,0.735,200,163,0.6,0.8,0.8,8
UGM_128,UGM,128,0.84,200,267,0.6,0.8,0.8,8
UGM_129,UGM,129,0.915,200,440,0.6,0.8,0.8,8
UGM_130,UGM,130,0.955,200,727,0.6,0.8,0.8,8
UGM_131,UGM,131,0.94,200,1197,0.6,0.8,0.8,8
UGM_132,UGM,132,0.93,200,1973,0.6,0.8,0.8,8
UGM_45,UGM,45,0.035,200,13,0.43,0.6,0.4,1
UGM_46,UGM,46,0.055,200,21,0.43,0.6,0.4,1
UGM_47,UGM,47,0.085,200,36,0.43,0.6,0.4,1
UGM_48,UGM,48,0.12,200,60,0.43,0.6,0.4,1
UGM_49,UGM,49,0.26,200,99,0.43,0.6,0.4,1
UGM_50,UGM,50,0.35,200,163,0.43,0.6,0.4,1
UGM_51,UGM,51,0.4,200,267,0.43,0.6,0.4,1
UGM_52,UGM,52,0.66,200,440,0.43,0.6,0.4,1
UGM_53,UGM,53,0.84,200,727,0.43,0.6,0.4,1
UGM_54,UGM,54,0.925,200,1197,0.43,0.6,0.4,1
UGM_55,UGM,55,0.94,200,1973,0.43,0.6,0.4,1
UGM_56,UGM,56,0.065,200,13,0.43,0.6,0.8,3
UGM_57,UGM,57,0.08,200,21,0.43,0.6,0.8,3
UGM_58,UGM,58,0.115,200,36,0.43,0.6,0.8,3
UGM_59,UGM,59,0.225,200,60,0.43,0.6,0.8,3
UGM_60,UGM,60,0.275,200,99,0.43,0.6,0.8,3
UGM_61,UGM,61,0.5,200,163,0.43,0.6,0.8,3
UGM_62,UGM,62,0.655,200,267,0.43,0.6,0.8,3
UGM_63,UGM,63,0.86,200,440,0.43,0.6,0.8,3
UGM_64,UGM,64,0.93,200,727,0.43,0.6,0.8,3
UGM_65,UGM,65,0.945,200,1197,0.43,0.6,0.8,3
UGM_66,UGM,66,0.94,200,1973,0.43,0.6,0.8,3
UGM_67,UGM,67,0.07,200,13,0.43,0.8,0.4,2
UGM_68,UGM,68,0.115,200,21,0.43,0.8,0.4,2
UGM_69,UGM,69,0.09,200,36,0.43,0.8,0.4,2
UGM_70,UGM,70,0.16,200,60,0.43,0.8,0.4,2
UGM_71,UGM,71,0.165,200,99,0.43,0.8,0.4,2
UGM_72,UGM,72,0.3,200,163,0.43,0.8,0.4,2
UGM_73,UGM,73,0.43,200,267,0.43,0.8,0.4,2
UGM_74,UGM,74,0.585,200,440,0.43,0.8,0.4,2
UGM_75,UGM,75,0.805,200,727,0.43,0.8,0.4,2
UGM_76,UGM,76,0.87,200,1197,0.43,0.8,0.4,2
UGM_77,UGM,77,0.975,200,1973,0.43,0.8,0.4,2
UGM_78,UGM,78,0.105,200,13,0.43,0.8,0.8,4
UGM_79,UGM,79,0.12,200,21,0.43,0.8,0.8,4
UGM_80,UGM,80,0.165,200,36,0.43,0.8,0.8,4
UGM_81,UGM,81,0.32,200,60,0.43,0.8,0.8,4
UGM_82,UGM,82,0.315,200,99,0.43,0.8,0.8,4
UGM_83,UGM,83,0.415,200,163,0.43,0.8,0.8,4
UGM_84,UGM,84,0.61,200,267,0.43,0.8,0.8,4
UGM_85,UGM,85,0.83,200,440,0.43,0.8,0.8,4
UGM_86,UGM,86,0.935,200,727,0.43,0.8,0.8,4
UGM_87,UGM,87,0.96,200,1197,0.43,0.8,0.8,4
UGM_88,UGM,88,0.98,200,1973,0.43,0.8,0.8,4
UGM_89,UGM,89,0.035,200,13,0.6,0.6,0.4,5
UGM_90,UGM,90,0.035,200,21,0.6,0.6,0.4,5
UGM_91,UGM,91,0.09,200,36,0.6,0.6,0.4,5
UGM_92,UGM,92,0.19,200,60,0.6,0.6,0.4,5
UGM_93,UGM,93,0.32,200,99,0.6,0.6,0.4,5
UGM_94,UGM,94,0.45,200,163,0.6,0.6,0.4,5
UGM_95,UGM,95,0.665,200,267,0.6,0.6,0.4,5
UGM_96,UGM,96,0.86,200,440,0.6,0.6,0.4,5
UGM_97,UGM,97,0.94,200,727,0.6,0.6,0.4,5
UGM_98,UGM,98,0.885,200,1197,0.6,0.6,0.4,5
UGM_99,UGM,99,0.855,200,1973,0.6,0.6,0.4,5
