chunk_num,ci_two_tail,bias,rep_count,total_n,psi,phi,p
1,0.08,-0.11104494319398092,100,100,0.43,0.6,0.4
2,0.23,-0.03927449374144142,100,200,0.43,0.6,0.4
3,0.36,-0.030927841452336673,100,300,0.43,0.6,0.4
4,0.53,-0.01584501517923712,100,450,0.43,0.6,0.4
5,0.68,-0.023804269193887527,100,750,0.43,0.6,0.4
6,0.9,-0.01570535225573615,100,1200,0.43,0.6,0.4
7,0.95,-0.0019043094276195997,100,2000,0.43,0.6,0.4
9,0.1,-0.14621464595727404,100,100,0.6,0.6,0.4
10,0.3,-0.050197439752416424,100,200,0.6,0.6,0.4
11,0.35,-0.020703727934576276,100,300,0.6,0.6,0.4
12,0.5,-0.009081808550516136,100,450,0.6,0.6,0.4
13,0.8,0.044985031570884924,100,750,0.6,0.6,0.4
14,0.94,0.04890608802641926,100,1200,0.6,0.6,0.4
15,0.95,0.046716494670557274,100,2000,0.6,0.6,0.4
17,0.23,-0.03591019187090323,100,100,0.43,0.6,0.8
18,0.44,-0.0208887198090074,100,200,0.43,0.6,0.8
19,0.55,-0.028396023610451255,100,300,0.43,0.6,0.8
20,0.69,-0.006810257278834139,100,450,0.43,0.6,0.8
21,0.85,-0.003874339291367615,100,750,0.43,0.6,0.8
22,0.97,-0.00699605855602368,100,1200,0.43,0.6,0.8
23,0.97,-0.0051379874561542195,100,2000,0.43,0.6,0.8
25,0.33,-0.035941499560601005,100,100,0.6,0.6,0.8
26,0.61,-0.024521076426395304,100,200,0.6,0.6,0.8
27,0.74,-0.0222798628824542,100,300,0.6,0.6,0.8
28,0.85,-0.011995286239241103,100,450,0.6,0.6,0.8
29,0.96,-0.0011083371330993252,100,750,0.6,0.6,0.8
30,0.98,-0.005719217425267075,100,1200,0.6,0.6,0.8
31,0.98,-0.00726492179998625,100,2000,0.6,0.6,0.8
33,0.02,-0.1797496462597392,100,100,0.43,0.8,0.4
34,0.13,-0.09886071319124462,100,200,0.43,0.8,0.4
35,0.23,-0.058336284150371294,100,300,0.43,0.8,0.4
36,0.53,-0.004027669995279426,100,450,0.43,0.8,0.4
37,0.66,-0.0018365673483876062,100,750,0.43,0.8,0.4
38,0.82,0.030729549665169734,100,1200,0.43,0.8,0.4
39,0.85,0.043857592138643285,100,2000,0.43,0.8,0.4
41,0.06,-0.13193689797805314,100,100,0.6,0.8,0.4
42,0.19,-0.04837110203115848,100,200,0.6,0.8,0.4
43,0.35,-0.03720667603746684,100,300,0.6,0.8,0.4
44,0.56,0.018941304039096635,100,450,0.6,0.8,0.4
45,0.83,0.0583151113962087,100,750,0.6,0.8,0.4
46,0.94,0.07692822761866654,100,1200,0.6,0.8,0.4
47,0.88,0.13221706394343521,100,2000,0.6,0.8,0.4
49,0.08,-0.07083377170560093,100,100,0.43,0.8,0.8
50,0.38,-0.017964135916921108,100,200,0.43,0.8,0.8
51,0.59,0.00735657002032259,100,300,0.43,0.8,0.8
52,0.79,0.011441355054280051,100,450,0.43,0.8,0.8
53,0.89,0.011210352403423716,100,750,0.43,0.8,0.8
54,0.98,0.055849561436105075,100,1200,0.43,0.8,0.8
55,0.92,0.07762044603628439,100,2000,0.43,0.8,0.8
57,0.27,-0.04276506791711439,100,100,0.6,0.8,0.8
58,0.38,-0.0334616576892985,100,200,0.6,0.8,0.8
59,0.72,-0.010128243019104583,100,300,0.6,0.8,0.8
60,0.94,0.00760771701054088,100,450,0.6,0.8,0.8
61,0.94,0.0163875536090814,100,750,0.6,0.8,0.8
62,0.94,0.04856052701656364,100,1200,0.6,0.8,0.8
63,0.87,0.06854261035855444,100,2000,0.6,0.8,0.8
