emu,type,line_id,pre,pre_n,psi,phi,p,post,post_n,slope,intercept,threshold
SRM,constant_phi,4,0.855,700,0.43,0.8,0.8,0.92,1000,2.1666666666666685e-4,0.7033333333333331,907.692307692308
SRM,recursive,4,0.875,700,0.43,0.8,0.8,0.935,1000,2.0000000000000017e-4,0.7349999999999999,825
SRM,equilibrium,4,0.9,1000,0.43,0.8,0.8,0.965,1500,1.2999999999999988e-4,0.7700000000000001,1000.0000000000001
SRM,equilibrium,5,0.77,560,0.6,0.6,0.4,0.905,700,9.642857142857144e-4,0.22999999999999998,694.8148148148148
SRM,constant_phi,5,0.87,700,0.6,0.6,0.4,0.935,1000,2.1666666666666685e-4,0.7183333333333333,838.4615384615382
SRM,recursive,5,0.86,1000,0.6,0.6,0.4,0.96,1500,1.9999999999999996e-4,0.66,1200.0000000000002
SRM,recursive,7,0.76,300,0.6,0.6,0.8,0.91,420,0.0012500000000000002,0.3849999999999999,412
SRM,constant_phi,7,0.895,420,0.6,0.6,0.8,0.945,560,3.5714285714285665e-4,0.7450000000000002,434.00000000000006
SRM,equilibrium,7,0.89,420,0.6,0.6,0.8,0.94,560,3.5714285714285665e-4,0.7400000000000002,448.00000000000006
SRM,constant_phi,6,0.855,700,0.6,0.8,0.4,0.93,1000,2.500000000000002e-4,0.6799999999999998,880
SRM,recursive,6,0.8,700,0.6,0.8,0.4,0.91,1000,3.666666666666666e-4,0.5433333333333334,972.7272727272726
SRM,equilibrium,6,0.855,1000,0.6,0.8,0.4,0.96,1500,2.0999999999999995e-4,0.645,1214.2857142857147
SRM,constant_phi,8,0.86,420,0.6,0.8,0.8,0.935,560,5.357142857142862e-4,0.6349999999999998,494.6666666666667
SRM,equilibrium,8,0.89,420,0.6,0.8,0.8,0.945,560,3.9285714285714244e-4,0.7250000000000002,445.4545454545455
SRM,recursive,8,0.855,420,0.6,0.8,0.8,0.93,560,5.357142857142862e-4,0.6299999999999998,504
SRM,equilibrium,1,0.84,1000,0.43,0.6,0.4,0.915,1500,1.5000000000000012e-4,0.6899999999999998,1400
SRM,recursive,1,0.8,1000,0.43,0.6,0.4,0.905,1500,2.0999999999999995e-4,0.5900000000000001,1476.1904761904761
SRM,constant_phi,1,0.88,1500,0.43,0.6,0.4,0.965,2000,1.6999999999999993e-4,0.6250000000000001,1617.6470588235295
SRM,constant_phi,3,0.87,700,0.43,0.6,0.8,0.945,1000,2.4999999999999984e-4,0.6950000000000001,820.0000000000003
SRM,equilibrium,3,0.885,700,0.43,0.6,0.8,0.96,1000,2.4999999999999984e-4,0.7100000000000002,759.9999999999998
SRM,recursive,3,0.88,700,0.43,0.6,0.8,0.96,1000,2.666666666666665e-4,0.6933333333333335,775
SRM,constant_phi,2,0.88,1500,0.43,0.8,0.4,0.915,2000,7.000000000000006e-5,0.7749999999999999,1785.7142857142858
SRM,equilibrium,2,0.82,1500,0.43,0.8,0.4,0.915,2000,1.9000000000000017e-4,0.5349999999999997,1921.0526315789473
SRM,recursive,2,0.895,1500,0.43,0.8,0.4,0.96,2000,1.2999999999999988e-4,0.7000000000000002,1538.4615384615388
