simulation_scenario,psi,phi,p,simulation_type,sample_size
1,0.43,0.6,0.4,BRE,NA
1,0.43,0.6,0.4,BRW,NA
1,0.43,0.6,0.4,CP,1441
1,0.43,0.6,0.4,SRM,1476
1,0.43,0.6,0.4,UGM,1650
1,0.43,0.6,0.4,hierarchical,1200
1,0.43,0.6,0.4,constant_phi,1618
1,0.43,0.6,0.4,recursive,1476
1,0.43,0.6,0.4,equilibrium,1400
2,0.43,0.6,0.8,BRE,777
2,0.43,0.6,0.8,BRW,NA
2,0.43,0.6,0.8,CP,746
2,0.43,0.6,0.8,SRM,775
2,0.43,0.6,0.8,UGM,782
2,0.43,0.6,0.8,hierarchical,938
2,0.43,0.6,0.8,constant_phi,820
2,0.43,0.6,0.8,recursive,775
2,0.43,0.6,0.8,equilibrium,760
3,0.43,0.8,0.4,BRE,NA
3,0.43,0.8,0.4,BRW,NA
3,0.43,0.8,0.4,CP,1304
3,0.43,0.8,0.4,SRM,1538
3,0.43,0.8,0.4,UGM,1538
3,0.43,0.8,0.4,hierarchical,NA
3,0.43,0.8,0.4,constant_phi,1786
3,0.43,0.8,0.4,recursive,1538
3,0.43,0.8,0.4,equilibrium,1921
4,0.43,0.8,0.8,BRE,680
4,0.43,0.8,0.8,BRW,NA
4,0.43,0.8,0.8,CP,880
4,0.43,0.8,0.8,SRM,825
4,0.43,0.8,0.8,UGM,800
4,0.43,0.8,0.8,hierarchical,800
4,0.43,0.8,0.8,constant_phi,908
4,0.43,0.8,0.8,recursive,825
4,0.43,0.8,0.8,equilibrium,1000
5,0.6,0.6,0.4,BRE,904
5,0.6,0.6,0.4,BRW,NA
5,0.6,0.6,0.4,CP,1083
5,0.6,0.6,0.4,SRM,1200
5,0.6,0.6,0.4,UGM,987
5,0.6,0.6,0.4,hierarchical,1071
5,0.6,0.6,0.4,constant_phi,838
5,0.6,0.6,0.4,recursive,1200
5,0.6,0.6,0.4,equilibrium,695
6,0.6,0.6,0.8,BRE,409
6,0.6,0.6,0.8,BRW,412
6,0.6,0.6,0.8,CP,402
6,0.6,0.6,0.8,SRM,412
6,0.6,0.6,0.8,UGM,451
6,0.6,0.6,0.8,hierarchical,586
6,0.6,0.6,0.8,constant_phi,434
6,0.6,0.6,0.8,recursive,412
6,0.6,0.6,0.8,equilibrium,448
7,0.6,0.8,0.4,BRE,815
7,0.6,0.8,0.4,BRW,NA
7,0.6,0.8,0.4,CP,931
7,0.6,0.8,0.4,SRM,973
7,0.6,0.8,0.4,UGM,922
7,0.6,0.8,0.4,hierarchical,1036
7,0.6,0.8,0.4,constant_phi,880
7,0.6,0.8,0.4,recursive,973
7,0.6,0.8,0.4,equilibrium,1214
8,0.6,0.8,0.8,BRE,442
8,0.6,0.8,0.8,BRW,408
8,0.6,0.8,0.8,CP,448
8,0.6,0.8,0.8,SRM,504
8,0.6,0.8,0.8,UGM,408
8,0.6,0.8,0.8,hierarchical,423
8,0.6,0.8,0.8,constant_phi,495
8,0.6,0.8,0.8,recursive,504
8,0.6,0.8,0.8,equilibrium,445
